Workbook

Sheet Form Responses 9
A1: Timestamp | B1: Name | C1: Company | D1: Email | E1: WhatsApp
A2: 46217.773 | B2: Madhan Prasad | C2: Recal | D2: madhanprasad0.5@gmail.com | E2: +91 8015401278
A3: 46228.34 | B3: Boniface Nkunda | C3: Africanenvironments | D3: bonifacenkunda@yahoo.com | E3: +255757430937
A4: 46228.363 | B4: Gladness Tillya | C4: bonadventureafrica.com | D4: gladness.tillya@outlook.com | E4: +255622230231

Sheet Form Responses 2
A1: Timestamp | B1: First Name | C1: Last Name | D1: Email | E1: My Current Goal is: | F1: BOLT Score | G1: CO2TT Score | H1: MBT Score | I1: LOM Zones | J1: ROM Percentage | K1: Tell us more about your goal: | L1: 1BT Score | M1: Age | N1: Gender | O1: Recal ID | P1: Calculated Summit-Ready Score | Q1: Calculated Grade | R1: Calculated Badge
A2: 45912.524 | B2: Bryan | C2: Connelly | D2: bryancconnelly@gmail.com | E2: Improve running | F2: 20 | G2: 42 | H2: 40 | I2: Zone 1 and a bit of Zone 2, Belly movement apparent | J2: 75 | O2: {=IF(A2:A241="",, XLOOKUP(D2:D241, 'Recal IDs Log'!E2:E241, 'Recal IDs Log'!B2:B241, "", 0, -1))} -> #REF! | P2: =IF(A2="",,IF(ISNUMBER(L2), LET(bolt_score, F2, co2tt_score, G2, mbt_score, H2, lom_text, I2, balloon_score, L2, age, M2, bolt_tier, IFS(bolt_score<15,0, bolt_score<20,1, bolt_score<25,2, bolt_score<30,3, bolt_score<35,4, bolt_score>=35,5), co2tt_tier, IFS(co2tt_score<25,0, co2tt_score<40,1, co2tt_score<55,2, co2tt_score<70,3, co2tt_score<85,4, co2tt_score>=85,5), mbt_tier, IFS(mbt_score<25,0, mbt_score<40,1, mbt_score<55,2, mbt_score<70,3, mbt_score<85,4, mbt_score>=85,5), lom_tier, IFS(ISNUMBER(SEARCH("360",lom_text)),5, ISNUMBER(SEARCH("horizontal",lom_text)),4, ISNUMBER(SEARCH("1 & 2",lom_text)),3, ISNUMBER(SEARCH("2 Only",lom_text)),2, ISNUMBER(SEARCH("3 & 2",lom_text)),1, TRUE, 0), bal_raw, IFS(balloon_score<7,0, balloon_score<11,1, balloon_score<14,2, balloon_score<17,3, balloon_score<19,4, balloon_score>=19,5), bal_tier, IF(age>65, MIN(bal_raw+1, 5), bal_raw), total_weighted, (bolt_tier*1) + (co2tt_tier*2) + (mbt_tier*3) + (lom_tier*2) + (bal_tier*2), ROUND((total_weighted/50)*100,0)), LET(bolt_score,F2,co2tt_score,G2,mbt_score,H2,lom_text,I2,rom_score,J2,bolt_tier,IFS(bolt_score<15,0,bolt_score<=19,1,bolt_score<=24,2,bolt_score<=29,3,bolt_score<=34,4,bolt_score>=35,5,TRUE,0),co2tt_tier,IFS(co2tt_score<25,0,co2tt_score<=39,1,co2tt_score<=54,2,co2tt_score<=69,3,co2tt_score<=84,4,co2tt_score>=85,5,TRUE,0),mbt_tier,IFS(mbt_score<25,0,mbt_score<=39,1,mbt_score<=54,2,mbt_score<=69,3,mbt_score<=84,4,mbt_score>=85,5,TRUE,0),rom_tier,IFS(rom_score<60,0,rom_score<=74,1,rom_score<=89,2,rom_score<=104,3,rom_score<=119,4,rom_score>=120,5,TRUE,0),lom_tier,IFS(ISNUMBER(SEARCH("zone 3 only",lom_text)),0,ISNUMBER(SEARCH("zone 3",lom_text))*ISNUMBER(SEARCH("zone 2",lom_text)),1,ISNUMBER(SEARCH("zone 2",lom_text))*NOT(ISNUMBER(SEARCH("zone 1",lom_text)))*NOT(ISNUMBER(SEARCH("zone 3",lom_text))),2,ISNUMBER(SEARCH("zone 1",lom_text))*ISNUMBER(SEARCH("zone 2",lom_text)),3,ISNUMBER(SEARCH("zone 1",lom_text))*ISNUMBER(SEARCH("horizontal",lom_text)),4,ISNUMBER(SEARCH("360",lom_text)),5,TRUE,0),total_weighted_score,(bolt_tier*1)+(co2tt_tier*2)+(mbt_tier*3)+(lom_tier*3)+(rom_tier*1),ROUND((total_weighted_score/50)*100,0)))) -> 46 | Q2: =IF(P2="",,IFS(P2>=93,"Ultra",P2>=80,"Great",P2>=65,"Good",P2>=50,"Fair",P2>=31,"Poor",P2>=0,"Very Poor")) -> Poor | R2: =IF(P2="",,IFS(P2>=93,"Breath Master",P2>=80,"Breathwork-Trained",P2>=65,"Functional Breather",P2>=50,"Breather-in-Training",P2>=31,"Breath Beginner",P2>=0,"Breath-Aware")) -> Breath Beginner
A3: 45912.66 | B3: Anthony | C3: DiFrancesco | D3: acdifran@gmail.com | E3: General breathing improvement | F3: 26 | G3: 64 | H3: 65 | I3: Zone 1 and a bit of Zone 2, Belly movement apparent | J3: 93.75 | O3: {=IF(A3:A241="",, XLOOKUP(D3:D241, 'Recal IDs Log'!E2:E241, 'Recal IDs Log'!B2:B241, "", 0, -1))} -> #REF! | P3: =IF(A3="",,LET(bolt_score,F3,co2tt_score,G3,mbt_score,H3,lom_text,I3,rom_score,J3,bolt_tier,IFS(bolt_score<15,0,bolt_score<=19,1,bolt_score<=24,2,bolt_score<=29,3,bolt_score<=34,4,bolt_score>=35,5,TRUE,0),co2tt_tier,IFS(co2tt_score<25,0,co2tt_score<=39,1,co2tt_score<=54,2,co2tt_score<=69,3,co2tt_score<=84,4,co2tt_score>=85,5,TRUE,0),mbt_tier,IFS(mbt_score<25,0,mbt_score<=39,1,mbt_score<=54,2,mbt_score<=69,3,mbt_score<=84,4,mbt_score>=85,5,TRUE,0),rom_tier,IFS(rom_score<60,0,rom_score<=74,1,rom_score<=89,2,rom_score<=104,3,rom_score<=119,4,rom_score>=120,5,TRUE,0),lom_tier,IFS(ISNUMBER(SEARCH("zone 3 only",lom_text)),0,ISNUMBER(SEARCH("zone 3",lom_text))*ISNUMBER(SEARCH("zone 2",lom_text)),1,ISNUMBER(SEARCH("zone 2",lom_text))*NOT(ISNUMBER(SEARCH("zone 1",lom_text)))*NOT(ISNUMBER(SEARCH("zone 3",lom_text))),2,ISNUMBER(SEARCH("zone 1",lom_text))*ISNUMBER(SEARCH("zone 2",lom_text)),3,ISNUMBER(SEARCH("zone 1",lom_text))*ISNUMBER(SEARCH("horizontal",lom_text)),4,ISNUMBER(SEARCH("360",lom_text)),5,TRUE,0),total_weighted_score,(bolt_tier*1)+(co2tt_tier*2)+(mbt_tier*3)+(lom_tier*3)+(rom_tier*1),(total_weighted_score/50)*100)) -> 60 | Q3: =IF(P3="",,IFS(P3>=93,"Ultra",P3>=80,"Great",P3>=65,"Good",P3>=50,"Fair",P3>=31,"Poor",P3>=0,"Very Poor")) -> Fair | R3: =IF(P3="",,IFS(P3>=93,"Breath Master",P3>=80,"Breathwork-Trained",P3>=65,"Functional Breather",P3>=50,"Breather-in-Training",P3>=31,"Breath Beginner",P3>=0,"Breath-Aware")) -> Breather-in-Training
A4: 45912.806 | B4: Joe | C4: Hayden | D4: ljhaydn@gmail.com | E4: general fitness | F4: 21 | G4: 48 | H4: 45 | I4: Zone 1 and a bit of Zone 2, Belly movement apparent | J4: 140 | O4: {=IF(A4:A241="",, XLOOKUP(D4:D241, 'Recal IDs Log'!E3:E241, 'Recal IDs Log'!B3:B241, "", 0, -1))} -> #REF! | P4: =IF(A4="",,LET(bolt_score,F4,co2tt_score,G4,mbt_score,H4,lom_text,I4,rom_score,J4,bolt_tier,IFS(bolt_score<15,0,bolt_score<=19,1,bolt_score<=24,2,bolt_score<=29,3,bolt_score<=34,4,bolt_score>=35,5,TRUE,0),co2tt_tier,IFS(co2tt_score<25,0,co2tt_score<=39,1,co2tt_score<=54,2,co2tt_score<=69,3,co2tt_score<=84,4,co2tt_score>=85,5,TRUE,0),mbt_tier,IFS(mbt_score<25,0,mbt_score<=39,1,mbt_score<=54,2,mbt_score<=69,3,mbt_score<=84,4,mbt_score>=85,5,TRUE,0),rom_tier,IFS(rom_score<60,0,rom_score<=74,1,rom_score<=89,2,rom_score<=104,3,rom_score<=119,4,rom_score>=120,5,TRUE,0),lom_tier,IFS(ISNUMBER(SEARCH("zone 3 only",lom_text)),0,ISNUMBER(SEARCH("zone 3",lom_text))*ISNUMBER(SEARCH("zone 2",lom_text)),1,ISNUMBER(SEARCH("zone 2",lom_text))*NOT(ISNUMBER(SEARCH("zone 1",lom_text)))*NOT(ISNUMBER(SEARCH("zone 3",lom_text))),2,ISNUMBER(SEARCH("zone 1",lom_text))*ISNUMBER(SEARCH("zone 2",lom_text)),3,ISNUMBER(SEARCH("zone 1",lom_text))*ISNUMBER(SEARCH("horizontal",lom_text)),4,ISNUMBER(SEARCH("360",lom_text)),5,TRUE,0),total_weighted_score,(bolt_tier*1)+(co2tt_tier*2)+(mbt_tier*3)+(lom_tier*3)+(rom_tier*1),(total_weighted_score/50)*100)) -> 52 | Q4: =IF(P4="",,IFS(P4>=93,"Ultra",P4>=80,"Great",P4>=65,"Good",P4>=50,"Fair",P4>=31,"Poor",P4>=0,"Very Poor")) -> Fair | R4: =IF(P4="",,IFS(P4>=93,"Breath Master",P4>=80,"Breathwork-Trained",P4>=65,"Functional Breather",P4>=50,"Breather-in-Training",P4>=31,"Breath Beginner",P4>=0,"Breath-Aware")) -> Breather-in-Training
A5: 45912.813 | B5: Tracy | C5: Penrose | D5: penrose815@gmail.com | E5: To hike 1 mile in Alaska rainforest | F5: 27 | G5: 53 | H5: 38 | I5: Zone 1 and a bit of Zone 2, Belly movement apparent | J5: 64.28 | O5: {=IF(A5:A241="",, XLOOKUP(D5:D241, 'Recal IDs Log'!E4:E241, 'Recal IDs Log'!B4:B241, "", 0, -1))} -> #REF! | P5: =IF(A5="",,LET(bolt_score,F5,co2tt_score,G5,mbt_score,H5,lom_text,I5,rom_score,J5,bolt_tier,IFS(bolt_score<15,0,bolt_score<=19,1,bolt_score<=24,2,bolt_score<=29,3,bolt_score<=34,4,bolt_score>=35,5,TRUE,0),co2tt_tier,IFS(co2tt_score<25,0,co2tt_score<=39,1,co2tt_score<=54,2,co2tt_score<=69,3,co2tt_score<=84,4,co2tt_score>=85,5,TRUE,0),mbt_tier,IFS(mbt_score<25,0,mbt_score<=39,1,mbt_score<=54,2,mbt_score<=69,3,mbt_score<=84,4,mbt_score>=85,5,TRUE,0),rom_tier,IFS(rom_score<60,0,rom_score<=74,1,rom_score<=89,2,rom_score<=104,3,rom_score<=119,4,rom_score>=120,5,TRUE,0),lom_tier,IFS(ISNUMBER(SEARCH("zone 3 only",lom_text)),0,ISNUMBER(SEARCH("zone 3",lom_text))*ISNUMBER(SEARCH("zone 2",lom_text)),1,ISNUMBER(SEARCH("zone 2",lom_text))*NOT(ISNUMBER(SEARCH("zone 1",lom_text)))*NOT(ISNUMBER(SEARCH("zone 3",lom_text))),2,ISNUMBER(SEARCH("zone 1",lom_text))*ISNUMBER(SEARCH("zone 2",lom_text)),3,ISNUMBER(SEARCH("zone 1",lom_text))*ISNUMBER(SEARCH("horizontal",lom_text)),4,ISNUMBER(SEARCH("360",lom_text)),5,TRUE,0),total_weighted_score,(bolt_tier*1)+(co2tt_tier*2)+(mbt_tier*3)+(lom_tier*3)+(rom_tier*1),(total_weighted_score/50)*100)) -> 40 | Q5: =IF(P5="",,IFS(P5>=93,"Ultra",P5>=80,"Great",P5>=65,"Good",P5>=50,"Fair",P5>=31,"Poor",P5>=0,"Very Poor")) -> Poor | R5: =IF(P5="",,IFS(P5>=93,"Breath Master",P5>=80,"Breathwork-Trained",P5>=65,"Functional Breather",P5>=50,"Breather-in-Training",P5>=31,"Breath Beginner",P5>=0,"Breath-Aware")) -> Breath Beginner
A6: 45912.821 | B6: Carl | C6: Lorubbio | D6: clorubbio@aol.com | E6: Not training at this time | F6: 22 | G6: 54 | H6: 36 | I6: Zone 1 and a bit of Zone 2, Belly movement apparent | J6: 123 | O6: {=IF(A6:A241="",, XLOOKUP(D6:D241, 'Recal IDs Log'!E5:E241, 'Recal IDs Log'!B5:B241, "", 0, -1))} -> #REF! | P6: =IF(A6="",,LET(bolt_score,F6,co2tt_score,G6,mbt_score,H6,lom_text,I6,rom_score,J6,bolt_tier,IFS(bolt_score<15,0,bolt_score<=19,1,bolt_score<=24,2,bolt_score<=29,3,bolt_score<=34,4,bolt_score>=35,5,TRUE,0),co2tt_tier,IFS(co2tt_score<25,0,co2tt_score<=39,1,co2tt_score<=54,2,co2tt_score<=69,3,co2tt_score<=84,4,co2tt_score>=85,5,TRUE,0),mbt_tier,IFS(mbt_score<25,0,mbt_score<=39,1,mbt_score<=54,2,mbt_score<=69,3,mbt_score<=84,4,mbt_score>=85,5,TRUE,0),rom_tier,IFS(rom_score<60,0,rom_score<=74,1,rom_score<=89,2,rom_score<=104,3,rom_score<=119,4,rom_score>=120,5,TRUE,0),lom_tier,IFS(ISNUMBER(SEARCH("zone 3 only",lom_text)),0,ISNUMBER(SEARCH("zone 3",lom_text))*ISNUMBER(SEARCH("zone 2",lom_text)),1,ISNUMBER(SEARCH("zone 2",lom_text))*NOT(ISNUMBER(SEARCH("zone 1",lom_text)))*NOT(ISNUMBER(SEARCH("zone 3",lom_text))),2,ISNUMBER(SEARCH("zone 1",lom_text))*ISNUMBER(SEARCH("zone 2",lom_text)),3,ISNUMBER(SEARCH("zone 1",lom_text))*ISNUMBER(SEARCH("horizontal",lom_text)),4,ISNUMBER(SEARCH("360",lom_text)),5,TRUE,0),total_weighted_score,(bolt_tier*1)+(co2tt_tier*2)+(mbt_tier*3)+(lom_tier*3)+(rom_tier*1),(total_weighted_score/50)*100)) -> 46 | Q6: =IF(P6="",,IFS(P6>=93,"Ultra",P6>=80,"Great",P6>=65,"Good",P6>=50,"Fair",P6>=31,"Poor",P6>=0,"Very Poor")) -> Poor | R6: =IF(P6="",,IFS(P6>=93,"Breath Master",P6>=80,"Breathwork-Trained",P6>=65,"Functional Breather",P6>=50,"Breather-in-Training",P6>=31,"Breath Beginner",P6>=0,"Breath-Aware")) -> Breath Beginner
A7: 45912.833 | B7: Joe | C7: Hayden | D7: ljhaydn@gmail.com | E7: not dying | F7: 0 | G7: 0 | H7: 0 | I7: Zone 3 only, Vertical movement | J7: 0 | O7: {=IF(A7:A241="",, XLOOKUP(D7:D241, 'Recal IDs Log'!E6:E241, 'Recal IDs Log'!B6:B241, "", 0, -1))} -> #REF! | P7: =IF(A7="",,LET(bolt_score,F7,co2tt_score,G7,mbt_score,H7,lom_text,I7,rom_score,J7,bolt_tier,IFS(bolt_score<15,0,bolt_score<=19,1,bolt_score<=24,2,bolt_score<=29,3,bolt_score<=34,4,bolt_score>=35,5,TRUE,0),co2tt_tier,IFS(co2tt_score<25,0,co2tt_score<=39,1,co2tt_score<=54,2,co2tt_score<=69,3,co2tt_score<=84,4,co2tt_score>=85,5,TRUE,0),mbt_tier,IFS(mbt_score<25,0,mbt_score<=39,1,mbt_score<=54,2,mbt_score<=69,3,mbt_score<=84,4,mbt_score>=85,5,TRUE,0),rom_tier,IFS(rom_score<60,0,rom_score<=74,1,rom_score<=89,2,rom_score<=104,3,rom_score<=119,4,rom_score>=120,5,TRUE,0),lom_tier,IFS(ISNUMBER(SEARCH("zone 3 only",lom_text)),0,ISNUMBER(SEARCH("zone 3",lom_text))*ISNUMBER(SEARCH("zone 2",lom_text)),1,ISNUMBER(SEARCH("zone 2",lom_text))*NOT(ISNUMBER(SEARCH("zone 1",lom_text)))*NOT(ISNUMBER(SEARCH("zone 3",lom_text))),2,ISNUMBER(SEARCH("zone 1",lom_text))*ISNUMBER(SEARCH("zone 2",lom_text)),3,ISNUMBER(SEARCH("zone 1",lom_text))*ISNUMBER(SEARCH("horizontal",lom_text)),4,ISNUMBER(SEARCH("360",lom_text)),5,TRUE,0),total_weighted_score,(bolt_tier*1)+(co2tt_tier*2)+(mbt_tier*3)+(lom_tier*3)+(rom_tier*1),(total_weighted_score/50)*100)) -> 0 | Q7: =IF(P7="",,IFS(P7>=93,"Ultra",P7>=80,"Great",P7>=65,"Good",P7>=50,"Fair",P7>=31,"Poor",P7>=0,"Very Poor")) -> Very Poor | R7: =IF(P7="",,IFS(P7>=93,"Breath Master",P7>=80,"Breathwork-Trained",P7>=65,"Functional Breather",P7>=50,"Breather-in-Training",P7>=31,"Breath Beginner",P7>=0,"Breath-Aware")) -> Breath-Aware
A8: 45912.874 | B8: Sara | C8: Crawford | D8: sara.crawford95@yahoo.com | E8: General hiking fitness | F8: 20 | G8: 30 | H8: 47 | I8: Zone 1 and a bit of Zone 2, Belly movement apparent | J8: 95 | O8: {=IF(A8:A241="",, XLOOKUP(D8:D241, 'Recal IDs Log'!E7:E241, 'Recal IDs Log'!B7:B241, "", 0, -1))} -> #REF! | P8: =IF(A8="",,LET(bolt_score,F8,co2tt_score,G8,mbt_score,H8,lom_text,I8,rom_score,J8,bolt_tier,IFS(bolt_score<15,0,bolt_score<=19,1,bolt_score<=24,2,bolt_score<=29,3,bolt_score<=34,4,bolt_score>=35,5,TRUE,0),co2tt_tier,IFS(co2tt_score<25,0,co2tt_score<=39,1,co2tt_score<=54,2,co2tt_score<=69,3,co2tt_score<=84,4,co2tt_score>=85,5,TRUE,0),mbt_tier,IFS(mbt_score<25,0,mbt_score<=39,1,mbt_score<=54,2,mbt_score<=69,3,mbt_score<=84,4,mbt_score>=85,5,TRUE,0),rom_tier,IFS(rom_score<60,0,rom_score<=74,1,rom_score<=89,2,rom_score<=104,3,rom_score<=119,4,rom_score>=120,5,TRUE,0),lom_tier,IFS(ISNUMBER(SEARCH("zone 3 only",lom_text)),0,ISNUMBER(SEARCH("zone 3",lom_text))*ISNUMBER(SEARCH("zone 2",lom_text)),1,ISNUMBER(SEARCH("zone 2",lom_text))*NOT(ISNUMBER(SEARCH("zone 1",lom_text)))*NOT(ISNUMBER(SEARCH("zone 3",lom_text))),2,ISNUMBER(SEARCH("zone 1",lom_text))*ISNUMBER(SEARCH("zone 2",lom_text)),3,ISNUMBER(SEARCH("zone 1",lom_text))*ISNUMBER(SEARCH("horizontal",lom_text)),4,ISNUMBER(SEARCH("360",lom_text)),5,TRUE,0),total_weighted_score,(bolt_tier*1)+(co2tt_tier*2)+(mbt_tier*3)+(lom_tier*3)+(rom_tier*1),(total_weighted_score/50)*100)) -> 44 | Q8: =IF(P8="",,IFS(P8>=93,"Ultra",P8>=80,"Great",P8>=65,"Good",P8>=50,"Fair",P8>=31,"Poor",P8>=0,"Very Poor")) -> Poor | R8: =IF(P8="",,IFS(P8>=93,"Breath Master",P8>=80,"Breathwork-Trained",P8>=65,"Functional Breather",P8>=50,"Breather-in-Training",P8>=31,"Breath Beginner",P8>=0,"Breath-Aware")) -> Breath Beginner
A9: 45915.748 | B9: Brian | C9: Passenti | D9: brian@altitudeendurancecoaching.com | E9: Life! and a few ultras... | F9: 26 | G9: 47 | H9: 48 | I9: Zone 1, Horizontal movement, Shoulders = no movement | J9: 96.1 | O9: {=IF(A9:A241="",, XLOOKUP(D9:D241, 'Recal IDs Log'!E8:E241, 'Recal IDs Log'!B8:B241, "", 0, -1))} -> #REF! | P9: =IF(A9="",,LET(bolt_score,F9,co2tt_score,G9,mbt_score,H9,lom_text,I9,rom_score,J9,bolt_tier,IFS(bolt_score<15,0,bolt_score<=19,1,bolt_score<=24,2,bolt_score<=29,3,bolt_score<=34,4,bolt_score>=35,5,TRUE,0),co2tt_tier,IFS(co2tt_score<25,0,co2tt_score<=39,1,co2tt_score<=54,2,co2tt_score<=69,3,co2tt_score<=84,4,co2tt_score>=85,5,TRUE,0),mbt_tier,IFS(mbt_score<25,0,mbt_score<=39,1,mbt_score<=54,2,mbt_score<=69,3,mbt_score<=84,4,mbt_score>=85,5,TRUE,0),rom_tier,IFS(rom_score<60,0,rom_score<=74,1,rom_score<=89,2,rom_score<=104,3,rom_score<=119,4,rom_score>=120,5,TRUE,0),lom_tier,IFS(ISNUMBER(SEARCH("zone 3 only",lom_text)),0,ISNUMBER(SEARCH("zone 3",lom_text))*ISNUMBER(SEARCH("zone 2",lom_text)),1,ISNUMBER(SEARCH("zone 2",lom_text))*NOT(ISNUMBER(SEARCH("zone 1",lom_text)))*NOT(ISNUMBER(SEARCH("zone 3",lom_text))),2,ISNUMBER(SEARCH("zone 1",lom_text))*ISNUMBER(SEARCH("zone 2",lom_text)),3,ISNUMBER(SEARCH("zone 1",lom_text))*ISNUMBER(SEARCH("horizontal",lom_text)),4,ISNUMBER(SEARCH("360",lom_text)),5,TRUE,0),total_weighted_score,(bolt_tier*1)+(co2tt_tier*2)+(mbt_tier*3)+(lom_tier*3)+(rom_tier*1),(total_weighted_score/50)*100)) -> 56 | Q9: =IF(P9="",,IFS(P9>=93,"Ultra",P9>=80,"Great",P9>=65,"Good",P9>=50,"Fair",P9>=31,"Poor",P9>=0,"Very Poor")) -> Fair | R9: =IF(P9="",,IFS(P9>=93,"Breath Master",P9>=80,"Breathwork-Trained",P9>=65,"Functional Breather",P9>=50,"Breather-in-Training",P9>=31,"Breath Beginner",P9>=0,"Breath-Aware")) -> Breather-in-Training
A10: 45915.808 | B10: Kate | C10: McIver | D10: katelmciver@gmail.com | E10: Give birth 🤣 wonder how different these would have been before I was 5 months pregnant. | F10: 10 | G10: 29.75 | H10: 20 | I10: Zone 1, Horizontal movement, Shoulders = no movement | J10: 47.6 | O10: {=IF(A10:A241="",, XLOOKUP(D10:D241, 'Recal IDs Log'!E9:E241, 'Recal IDs Log'!B9:B241, "", 0, -1))} -> #REF! | P10: =IF(A10="",,LET(bolt_score,F10,co2tt_score,G10,mbt_score,H10,lom_text,I10,rom_score,J10,bolt_tier,IFS(bolt_score<15,0,bolt_score<=19,1,bolt_score<=24,2,bolt_score<=29,3,bolt_score<=34,4,bolt_score>=35,5,TRUE,0),co2tt_tier,IFS(co2tt_score<25,0,co2tt_score<=39,1,co2tt_score<=54,2,co2tt_score<=69,3,co2tt_score<=84,4,co2tt_score>=85,5,TRUE,0),mbt_tier,IFS(mbt_score<25,0,mbt_score<=39,1,mbt_score<=54,2,mbt_score<=69,3,mbt_score<=84,4,mbt_score>=85,5,TRUE,0),rom_tier,IFS(rom_score<60,0,rom_score<=74,1,rom_score<=89,2,rom_score<=104,3,rom_score<=119,4,rom_score>=120,5,TRUE,0),lom_tier,IFS(ISNUMBER(SEARCH("zone 3 only",lom_text)),0,ISNUMBER(SEARCH("zone 3",lom_text))*ISNUMBER(SEARCH("zone 2",lom_text)),1,ISNUMBER(SEARCH("zone 2",lom_text))*NOT(ISNUMBER(SEARCH("zone 1",lom_text)))*NOT(ISNUMBER(SEARCH("zone 3",lom_text))),2,ISNUMBER(SEARCH("zone 1",lom_text))*ISNUMBER(SEARCH("zone 2",lom_text)),3,ISNUMBER(SEARCH("zone 1",lom_text))*ISNUMBER(SEARCH("horizontal",lom_text)),4,ISNUMBER(SEARCH("360",lom_text)),5,TRUE,0),total_weighted_score,(bolt_tier*1)+(co2tt_tier*2)+(mbt_tier*3)+(lom_tier*3)+(rom_tier*1),(total_weighted_score/50)*100)) -> 28 | Q10: =IF(P10="",,IFS(P10>=93,"Ultra",P10>=80,"Great",P10>=65,"Good",P10>=50,"Fair",P10>=31,"Poor",P10>=0,"Very Poor")) -> Very Poor | R10: =IF(P10="",,IFS(P10>=93,"Breath Master",P10>=80,"Breathwork-Trained",P10>=65,"Functional Breather",P10>=50,"Breather-in-Training",P10>=31,"Breath Beginner",P10>=0,"Breath-Aware")) -> Breath-Aware
A11: 45915.815 | B11: Pedro | C11: Kroeff | D11: pedroakroeff@gmail.com | E11: maximize the time i can beat 20 year olds in pickup hoops | F11: 17 | G11: 61 | H11: 30 | I11: Zone 1 and a bit of Zone 2, Belly movement apparent | J11: 38.5 | O11: {=IF(A11:A241="",, XLOOKUP(D11:D241, 'Recal IDs Log'!E10:E241, 'Recal IDs Log'!B10:B241, "", 0, -1))} -> #REF! | P11: =IF(A11="",,LET(bolt_score,F11,co2tt_score,G11,mbt_score,H11,lom_text,I11,rom_score,J11,bolt_tier,IFS(bolt_score<15,0,bolt_score<=19,1,bolt_score<=24,2,bolt_score<=29,3,bolt_score<=34,4,bolt_score>=35,5,TRUE,0),co2tt_tier,IFS(co2tt_score<25,0,co2tt_score<=39,1,co2tt_score<=54,2,co2tt_score<=69,3,co2tt_score<=84,4,co2tt_score>=85,5,TRUE,0),mbt_tier,IFS(mbt_score<25,0,mbt_score<=39,1,mbt_score<=54,2,mbt_score<=69,3,mbt_score<=84,4,mbt_score>=85,5,TRUE,0),rom_tier,IFS(rom_score<60,0,rom_score<=74,1,rom_score<=89,2,rom_score<=104,3,rom_score<=119,4,rom_score>=120,5,TRUE,0),lom_tier,IFS(ISNUMBER(SEARCH("zone 3 only",lom_text)),0,ISNUMBER(SEARCH("zone 3",lom_text))*ISNUMBER(SEARCH("zone 2",lom_text)),1,ISNUMBER(SEARCH("zone 2",lom_text))*NOT(ISNUMBER(SEARCH("zone 1",lom_text)))*NOT(ISNUMBER(SEARCH("zone 3",lom_text))),2,ISNUMBER(SEARCH("zone 1",lom_text))*ISNUMBER(SEARCH("zone 2",lom_text)),3,ISNUMBER(SEARCH("zone 1",lom_text))*ISNUMBER(SEARCH("horizontal",lom_text)),4,ISNUMBER(SEARCH("360",lom_text)),5,TRUE,0),total_weighted_score,(bolt_tier*1)+(co2tt_tier*2)+(mbt_tier*3)+(lom_tier*3)+(rom_tier*1),(total_weighted_score/50)*100)) -> 38 | Q11: =IF(P11="",,IFS(P11>=93,"Ultra",P11>=80,"Great",P11>=65,"Good",P11>=50,"Fair",P11>=31,"Poor",P11>=0,"Very Poor")) -> Poor | R11: =IF(P11="",,IFS(P11>=93,"Breath Master",P11>=80,"Breathwork-Trained",P11>=65,"Functional Breather",P11>=50,"Breather-in-Training",P11>=31,"Breath Beginner",P11>=0,"Breath-Aware")) -> Breath Beginner
A12: 45915.897 | B12: Owen | C12: Parker | D12: daniel.owen.parker@gmail.com | E12: half marathon in 10mnths | F12: 21 | G12: 42 | H12: 30 | I12: Zone 1 and a bit of Zone 2, Belly movement apparent | J12: 45 | O12: {=IF(A12:A241="",, XLOOKUP(D12:D241, 'Recal IDs Log'!E11:E241, 'Recal IDs Log'!B11:B241, "", 0, -1))} -> #REF! | P12: =IF(A12="",,LET(bolt_score,F12,co2tt_score,G12,mbt_score,H12,lom_text,I12,rom_score,J12,bolt_tier,IFS(bolt_score<15,0,bolt_score<=19,1,bolt_score<=24,2,bolt_score<=29,3,bolt_score<=34,4,bolt_score>=35,5,TRUE,0),co2tt_tier,IFS(co2tt_score<25,0,co2tt_score<=39,1,co2tt_score<=54,2,co2tt_score<=69,3,co2tt_score<=84,4,co2tt_score>=85,5,TRUE,0),mbt_tier,IFS(mbt_score<25,0,mbt_score<=39,1,mbt_score<=54,2,mbt_score<=69,3,mbt_score<=84,4,mbt_score>=85,5,TRUE,0),rom_tier,IFS(rom_score<60,0,rom_score<=74,1,rom_score<=89,2,rom_score<=104,3,rom_score<=119,4,rom_score>=120,5,TRUE,0),lom_tier,IFS(ISNUMBER(SEARCH("zone 3 only",lom_text)),0,ISNUMBER(SEARCH("zone 3",lom_text))*ISNUMBER(SEARCH("zone 2",lom_text)),1,ISNUMBER(SEARCH("zone 2",lom_text))*NOT(ISNUMBER(SEARCH("zone 1",lom_text)))*NOT(ISNUMBER(SEARCH("zone 3",lom_text))),2,ISNUMBER(SEARCH("zone 1",lom_text))*ISNUMBER(SEARCH("zone 2",lom_text)),3,ISNUMBER(SEARCH("zone 1",lom_text))*ISNUMBER(SEARCH("horizontal",lom_text)),4,ISNUMBER(SEARCH("360",lom_text)),5,TRUE,0),total_weighted_score,(bolt_tier*1)+(co2tt_tier*2)+(mbt_tier*3)+(lom_tier*3)+(rom_tier*1),(total_weighted_score/50)*100)) -> 36 | Q12: =IF(P12="",,IFS(P12>=93,"Ultra",P12>=80,"Great",P12>=65,"Good",P12>=50,"Fair",P12>=31,"Poor",P12>=0,"Very Poor")) -> Poor | R12: =IF(P12="",,IFS(P12>=93,"Breath Master",P12>=80,"Breathwork-Trained",P12>=65,"Functional Breather",P12>=50,"Breather-in-Training",P12>=31,"Breath Beginner",P12>=0,"Breath-Aware")) -> Breath Beginner
A13: 45916.144 | B13: Colin | C13: McIver | D13: Colinvmciver@gmail.com | E13: Colin says no goals…plenty awesome as is | F13: 14 | G13: 50 | H13: 28 | I13: Zone 1 and a bit of Zone 2, Belly movement apparent | J13: 78.5 | O13: {=IF(A13:A241="",, XLOOKUP(D13:D241, 'Recal IDs Log'!E12:E241, 'Recal IDs Log'!B12:B241, "", 0, -1))} -> #REF! | P13: =IF(A13="",,LET(bolt_score,F13,co2tt_score,G13,mbt_score,H13,lom_text,I13,rom_score,J13,bolt_tier,IFS(bolt_score<15,0,bolt_score<=19,1,bolt_score<=24,2,bolt_score<=29,3,bolt_score<=34,4,bolt_score>=35,5,TRUE,0),co2tt_tier,IFS(co2tt_score<25,0,co2tt_score<=39,1,co2tt_score<=54,2,co2tt_score<=69,3,co2tt_score<=84,4,co2tt_score>=85,5,TRUE,0),mbt_tier,IFS(mbt_score<25,0,mbt_score<=39,1,mbt_score<=54,2,mbt_score<=69,3,mbt_score<=84,4,mbt_score>=85,5,TRUE,0),rom_tier,IFS(rom_score<60,0,rom_score<=74,1,rom_score<=89,2,rom_score<=104,3,rom_score<=119,4,rom_score>=120,5,TRUE,0),lom_tier,IFS(ISNUMBER(SEARCH("zone 3 only",lom_text)),0,ISNUMBER(SEARCH("zone 3",lom_text))*ISNUMBER(SEARCH("zone 2",lom_text)),1,ISNUMBER(SEARCH("zone 2",lom_text))*NOT(ISNUMBER(SEARCH("zone 1",lom_text)))*NOT(ISNUMBER(SEARCH("zone 3",lom_text))),2,ISNUMBER(SEARCH("zone 1",lom_text))*ISNUMBER(SEARCH("zone 2",lom_text)),3,ISNUMBER(SEARCH("zone 1",lom_text))*ISNUMBER(SEARCH("horizontal",lom_text)),4,ISNUMBER(SEARCH("360",lom_text)),5,TRUE,0),total_weighted_score,(bolt_tier*1)+(co2tt_tier*2)+(mbt_tier*3)+(lom_tier*3)+(rom_tier*1),(total_weighted_score/50)*100)) -> 36 | Q13: =IF(P13="",,IFS(P13>=93,"Ultra",P13>=80,"Great",P13>=65,"Good",P13>=50,"Fair",P13>=31,"Poor",P13>=0,"Very Poor")) -> Poor | R13: =IF(P13="",,IFS(P13>=93,"Breath Master",P13>=80,"Breathwork-Trained",P13>=65,"Functional Breather",P13>=50,"Breather-in-Training",P13>=31,"Breath Beginner",P13>=0,"Breath-Aware")) -> Breath Beginner
A14: 45917.986 | B14: Mariana | C14: Shaw | D14: marianabshaw@gmail.com | E14: Definitely to climb without feeling out of breath | F14: 18 | G14: 53 | H14: 49 | I14: Zone 3, some Zone 2, Shoulder movement apparent | J14: 82.7 | O14: {=IF(A14:A241="",, XLOOKUP(D14:D241, 'Recal IDs Log'!E13:E241, 'Recal IDs Log'!B13:B241, "", 0, -1))} -> #REF! | P14: =IF(A14="",,LET(bolt_score,F14,co2tt_score,G14,mbt_score,H14,lom_text,I14,rom_score,J14,bolt_tier,IFS(bolt_score<15,0,bolt_score<=19,1,bolt_score<=24,2,bolt_score<=29,3,bolt_score<=34,4,bolt_score>=35,5,TRUE,0),co2tt_tier,IFS(co2tt_score<25,0,co2tt_score<=39,1,co2tt_score<=54,2,co2tt_score<=69,3,co2tt_score<=84,4,co2tt_score>=85,5,TRUE,0),mbt_tier,IFS(mbt_score<25,0,mbt_score<=39,1,mbt_score<=54,2,mbt_score<=69,3,mbt_score<=84,4,mbt_score>=85,5,TRUE,0),rom_tier,IFS(rom_score<60,0,rom_score<=74,1,rom_score<=89,2,rom_score<=104,3,rom_score<=119,4,rom_score>=120,5,TRUE,0),lom_tier,IFS(ISNUMBER(SEARCH("zone 3 only",lom_text)),0,ISNUMBER(SEARCH("zone 3",lom_text))*ISNUMBER(SEARCH("zone 2",lom_text)),1,ISNUMBER(SEARCH("zone 2",lom_text))*NOT(ISNUMBER(SEARCH("zone 1",lom_text)))*NOT(ISNUMBER(SEARCH("zone 3",lom_text))),2,ISNUMBER(SEARCH("zone 1",lom_text))*ISNUMBER(SEARCH("zone 2",lom_text)),3,ISNUMBER(SEARCH("zone 1",lom_text))*ISNUMBER(SEARCH("horizontal",lom_text)),4,ISNUMBER(SEARCH("360",lom_text)),5,TRUE,0),total_weighted_score,(bolt_tier*1)+(co2tt_tier*2)+(mbt_tier*3)+(lom_tier*3)+(rom_tier*1),(total_weighted_score/50)*100)) -> 32 | Q14: =IF(P14="",,IFS(P14>=93,"Ultra",P14>=80,"Great",P14>=65,"Good",P14>=50,"Fair",P14>=31,"Poor",P14>=0,"Very Poor")) -> Poor | R14: =IF(P14="",,IFS(P14>=93,"Breath Master",P14>=80,"Breathwork-Trained",P14>=65,"Functional Breather",P14>=50,"Breather-in-Training",P14>=31,"Breath Beginner",P14>=0,"Breath-Aware")) -> Breath Beginner
A15: 45918.045 | B15: Aybuke | C15: Turker | D15: aybketrker@gmail.com | E15: climb at high altitue without feeling out-of-breath | F15: 26 | G15: 42 | H15: 33 | I15: Zone 1 and a bit of Zone 2, Belly movement apparent | J15: 52.6 | O15: {=IF(A15:A241="",, XLOOKUP(D15:D241, 'Recal IDs Log'!E14:E241, 'Recal IDs Log'!B14:B241, "", 0, -1))} -> #REF! | P15: =IF(A15="",,LET(bolt_score,F15,co2tt_score,G15,mbt_score,H15,lom_text,I15,rom_score,J15,bolt_tier,IFS(bolt_score<15,0,bolt_score<=19,1,bolt_score<=24,2,bolt_score<=29,3,bolt_score<=34,4,bolt_score>=35,5,TRUE,0),co2tt_tier,IFS(co2tt_score<25,0,co2tt_score<=39,1,co2tt_score<=54,2,co2tt_score<=69,3,co2tt_score<=84,4,co2tt_score>=85,5,TRUE,0),mbt_tier,IFS(mbt_score<25,0,mbt_score<=39,1,mbt_score<=54,2,mbt_score<=69,3,mbt_score<=84,4,mbt_score>=85,5,TRUE,0),rom_tier,IFS(rom_score<60,0,rom_score<=74,1,rom_score<=89,2,rom_score<=104,3,rom_score<=119,4,rom_score>=120,5,TRUE,0),lom_tier,IFS(ISNUMBER(SEARCH("zone 3 only",lom_text)),0,ISNUMBER(SEARCH("zone 3",lom_text))*ISNUMBER(SEARCH("zone 2",lom_text)),1,ISNUMBER(SEARCH("zone 2",lom_text))*NOT(ISNUMBER(SEARCH("zone 1",lom_text)))*NOT(ISNUMBER(SEARCH("zone 3",lom_text))),2,ISNUMBER(SEARCH("zone 1",lom_text))*ISNUMBER(SEARCH("zone 2",lom_text)),3,ISNUMBER(SEARCH("zone 1",lom_text))*ISNUMBER(SEARCH("horizontal",lom_text)),4,ISNUMBER(SEARCH("360",lom_text)),5,TRUE,0),total_weighted_score,(bolt_tier*1)+(co2tt_tier*2)+(mbt_tier*3)+(lom_tier*3)+(rom_tier*1),(total_weighted_score/50)*100)) -> 38 | Q15: =IF(P15="",,IFS(P15>=93,"Ultra",P15>=80,"Great",P15>=65,"Good",P15>=50,"Fair",P15>=31,"Poor",P15>=0,"Very Poor")) -> Poor | R15: =IF(P15="",,IFS(P15>=93,"Breath Master",P15>=80,"Breathwork-Trained",P15>=65,"Functional Breather",P15>=50,"Breather-in-Training",P15>=31,"Breath Beginner",P15>=0,"Breath-Aware")) -> Breath Beginner
A16: 45918.743 | B16: Alan | C16: Greenberg | D16: greenbergsherpa@mac.com | E16: Ski moguls | F16: 25 | G16: 36 | H16: 65 | I16: Zone 1 and a bit of Zone 2, Belly movement apparent | J16: 57.14 | O16: {=IF(A16:A241="",, XLOOKUP(D16:D241, 'Recal IDs Log'!E15:E241, 'Recal IDs Log'!B15:B241, "", 0, -1))} -> #REF! | P16: =IF(A16="",,LET(bolt_score,F16,co2tt_score,G16,mbt_score,H16,lom_text,I16,rom_score,J16,bolt_tier,IFS(bolt_score<15,0,bolt_score<=19,1,bolt_score<=24,2,bolt_score<=29,3,bolt_score<=34,4,bolt_score>=35,5,TRUE,0),co2tt_tier,IFS(co2tt_score<25,0,co2tt_score<=39,1,co2tt_score<=54,2,co2tt_score<=69,3,co2tt_score<=84,4,co2tt_score>=85,5,TRUE,0),mbt_tier,IFS(mbt_score<25,0,mbt_score<=39,1,mbt_score<=54,2,mbt_score<=69,3,mbt_score<=84,4,mbt_score>=85,5,TRUE,0),rom_tier,IFS(rom_score<60,0,rom_score<=74,1,rom_score<=89,2,rom_score<=104,3,rom_score<=119,4,rom_score>=120,5,TRUE,0),lom_tier,IFS(ISNUMBER(SEARCH("zone 3 only",lom_text)),0,ISNUMBER(SEARCH("zone 3",lom_text))*ISNUMBER(SEARCH("zone 2",lom_text)),1,ISNUMBER(SEARCH("zone 2",lom_text))*NOT(ISNUMBER(SEARCH("zone 1",lom_text)))*NOT(ISNUMBER(SEARCH("zone 3",lom_text))),2,ISNUMBER(SEARCH("zone 1",lom_text))*ISNUMBER(SEARCH("zone 2",lom_text)),3,ISNUMBER(SEARCH("zone 1",lom_text))*ISNUMBER(SEARCH("horizontal",lom_text)),4,ISNUMBER(SEARCH("360",lom_text)),5,TRUE,0),total_weighted_score,(bolt_tier*1)+(co2tt_tier*2)+(mbt_tier*3)+(lom_tier*3)+(rom_tier*1),(total_weighted_score/50)*100)) -> 46 | Q16: =IF(P16="",,IFS(P16>=93,"Ultra",P16>=80,"Great",P16>=65,"Good",P16>=50,"Fair",P16>=31,"Poor",P16>=0,"Very Poor")) -> Poor | R16: =IF(P16="",,IFS(P16>=93,"Breath Master",P16>=80,"Breathwork-Trained",P16>=65,"Functional Breather",P16>=50,"Breather-in-Training",P16>=31,"Breath Beginner",P16>=0,"Breath-Aware")) -> Breath Beginner
A17: 45919.624 | B17: Nicholas | C17: Fox | D17: nick@foxfirebreathworks.com | E17: BQ! | F17: 36 | G17: 72 | H17: 63 | I17: Zone 1 and 360° circumferential movement | J17: 91 | O17: {=IF(A17:A241="",, XLOOKUP(D17:D241, 'Recal IDs Log'!E16:E241, 'Recal IDs Log'!B16:B241, "", 0, -1))} -> #REF! | P17: =IF(A17="",,LET(bolt_score,F17,co2tt_score,G17,mbt_score,H17,lom_text,I17,rom_score,J17,bolt_tier,IFS(bolt_score<15,0,bolt_score<=19,1,bolt_score<=24,2,bolt_score<=29,3,bolt_score<=34,4,bolt_score>=35,5,TRUE,0),co2tt_tier,IFS(co2tt_score<25,0,co2tt_score<=39,1,co2tt_score<=54,2,co2tt_score<=69,3,co2tt_score<=84,4,co2tt_score>=85,5,TRUE,0),mbt_tier,IFS(mbt_score<25,0,mbt_score<=39,1,mbt_score<=54,2,mbt_score<=69,3,mbt_score<=84,4,mbt_score>=85,5,TRUE,0),rom_tier,IFS(rom_score<60,0,rom_score<=74,1,rom_score<=89,2,rom_score<=104,3,rom_score<=119,4,rom_score>=120,5,TRUE,0),lom_tier,IFS(ISNUMBER(SEARCH("zone 3 only",lom_text)),0,ISNUMBER(SEARCH("zone 3",lom_text))*ISNUMBER(SEARCH("zone 2",lom_text)),1,ISNUMBER(SEARCH("zone 2",lom_text))*NOT(ISNUMBER(SEARCH("zone 1",lom_text)))*NOT(ISNUMBER(SEARCH("zone 3",lom_text))),2,ISNUMBER(SEARCH("zone 1",lom_text))*ISNUMBER(SEARCH("zone 2",lom_text)),3,ISNUMBER(SEARCH("zone 1",lom_text))*ISNUMBER(SEARCH("horizontal",lom_text)),4,ISNUMBER(SEARCH("360",lom_text)),5,TRUE,0),total_weighted_score,(bolt_tier*1)+(co2tt_tier*2)+(mbt_tier*3)+(lom_tier*3)+(rom_tier*1),(total_weighted_score/50)*100)) -> 80 | Q17: =IF(P17="",,IFS(P17>=93,"Ultra",P17>=80,"Great",P17>=65,"Good",P17>=50,"Fair",P17>=31,"Poor",P17>=0,"Very Poor")) -> Great | R17: =IF(P17="",,IFS(P17>=93,"Breath Master",P17>=80,"Breathwork-Trained",P17>=65,"Functional Breather",P17>=50,"Breather-in-Training",P17>=31,"Breath Beginner",P17>=0,"Breath-Aware")) -> Breathwork-Trained
A18: 45925.719 | B18: Kevin | C18: Adler | D18: Kevin@thealtitudegroupinc.com | E18: Climb a high altitude mountain | F18: 22 | G18: 42 | H18: 25 | I18: Zone 1 and a bit of Zone 2, Belly movement apparent | J18: 52.6 | K18: Aconcagua in January / Denali in June | O18: {=IF(A18:A241="",, XLOOKUP(D18:D241, 'Recal IDs Log'!E17:E241, 'Recal IDs Log'!B17:B241, "", 0, -1))} -> #REF! | P18: =IF(A18="",,LET(bolt_score,F18,co2tt_score,G18,mbt_score,H18,lom_text,I18,rom_score,J18,bolt_tier,IFS(bolt_score<15,0,bolt_score<=19,1,bolt_score<=24,2,bolt_score<=29,3,bolt_score<=34,4,bolt_score>=35,5,TRUE,0),co2tt_tier,IFS(co2tt_score<25,0,co2tt_score<=39,1,co2tt_score<=54,2,co2tt_score<=69,3,co2tt_score<=84,4,co2tt_score>=85,5,TRUE,0),mbt_tier,IFS(mbt_score<25,0,mbt_score<=39,1,mbt_score<=54,2,mbt_score<=69,3,mbt_score<=84,4,mbt_score>=85,5,TRUE,0),rom_tier,IFS(rom_score<60,0,rom_score<=74,1,rom_score<=89,2,rom_score<=104,3,rom_score<=119,4,rom_score>=120,5,TRUE,0),lom_tier,IFS(ISNUMBER(SEARCH("zone 3 only",lom_text)),0,ISNUMBER(SEARCH("zone 3",lom_text))*ISNUMBER(SEARCH("zone 2",lom_text)),1,ISNUMBER(SEARCH("zone 2",lom_text))*NOT(ISNUMBER(SEARCH("zone 1",lom_text)))*NOT(ISNUMBER(SEARCH("zone 3",lom_text))),2,ISNUMBER(SEARCH("zone 1",lom_text))*ISNUMBER(SEARCH("zone 2",lom_text)),3,ISNUMBER(SEARCH("zone 1",lom_text))*ISNUMBER(SEARCH("horizontal",lom_text)),4,ISNUMBER(SEARCH("360",lom_text)),5,TRUE,0),total_weighted_score,(bolt_tier*1)+(co2tt_tier*2)+(mbt_tier*3)+(lom_tier*3)+(rom_tier*1),(total_weighted_score/50)*100)) -> 36 | Q18: =IF(P18="",,IFS(P18>=93,"Ultra",P18>=80,"Great",P18>=65,"Good",P18>=50,"Fair",P18>=31,"Poor",P18>=0,"Very Poor")) -> Poor | R18: =IF(P18="",,IFS(P18>=93,"Breath Master",P18>=80,"Breathwork-Trained",P18>=65,"Functional Breather",P18>=50,"Breather-in-Training",P18>=31,"Breath Beginner",P18>=0,"Breath-Aware")) -> Breath Beginner
A19: 45929.669 | B19: Darlene | C19: Hart | D19: lightwk@gmail.com | E19: Hiking/trekking in general | F19: 17 | G19: 24 | H19: 55 | I19: Zone 1 and a bit of Zone 2, Belly movement apparent | J19: 58 | K19: Climb Grand Teton and Take a Mountaineering class at Mt Baker or Rainier | O19: {=IF(A19:A241="",, XLOOKUP(D19:D241, 'Recal IDs Log'!E18:E241, 'Recal IDs Log'!B18:B241, "", 0, -1))} -> #REF! | P19: =IF(A19="",,LET(bolt_score,F19,co2tt_score,G19,mbt_score,H19,lom_text,I19,rom_score,J19,bolt_tier,IFS(bolt_score<15,0,bolt_score<=19,1,bolt_score<=24,2,bolt_score<=29,3,bolt_score<=34,4,bolt_score>=35,5,TRUE,0),co2tt_tier,IFS(co2tt_score<25,0,co2tt_score<=39,1,co2tt_score<=54,2,co2tt_score<=69,3,co2tt_score<=84,4,co2tt_score>=85,5,TRUE,0),mbt_tier,IFS(mbt_score<25,0,mbt_score<=39,1,mbt_score<=54,2,mbt_score<=69,3,mbt_score<=84,4,mbt_score>=85,5,TRUE,0),rom_tier,IFS(rom_score<60,0,rom_score<=74,1,rom_score<=89,2,rom_score<=104,3,rom_score<=119,4,rom_score>=120,5,TRUE,0),lom_tier,IFS(ISNUMBER(SEARCH("zone 3 only",lom_text)),0,ISNUMBER(SEARCH("zone 3",lom_text))*ISNUMBER(SEARCH("zone 2",lom_text)),1,ISNUMBER(SEARCH("zone 2",lom_text))*NOT(ISNUMBER(SEARCH("zone 1",lom_text)))*NOT(ISNUMBER(SEARCH("zone 3",lom_text))),2,ISNUMBER(SEARCH("zone 1",lom_text))*ISNUMBER(SEARCH("zone 2",lom_text)),3,ISNUMBER(SEARCH("zone 1",lom_text))*ISNUMBER(SEARCH("horizontal",lom_text)),4,ISNUMBER(SEARCH("360",lom_text)),5,TRUE,0),total_weighted_score,(bolt_tier*1)+(co2tt_tier*2)+(mbt_tier*3)+(lom_tier*3)+(rom_tier*1),(total_weighted_score/50)*100)) -> 38 | Q19: =IF(P19="",,IFS(P19>=93,"Ultra",P19>=80,"Great",P19>=65,"Good",P19>=50,"Fair",P19>=31,"Poor",P19>=0,"Very Poor")) -> Poor | R19: =IF(P19="",,IFS(P19>=93,"Breath Master",P19>=80,"Breathwork-Trained",P19>=65,"Functional Breather",P19>=50,"Breather-in-Training",P19>=31,"Breath Beginner",P19>=0,"Breath-Aware")) -> Breath Beginner
A20: 45932.896 | B20: Becki | C20: Rupp | D20: becki@trailblazerwellness.com | E20: Hiking/trekking in general | F20: 12 | G20: 30 | H20: 22 | I20: Zone 1 and a bit of Zone 2, Belly movement apparent | J20: 69.2 | K20: uphill skiing/skinning this winter at 11-13k feet above altitude | O20: {=IF(A20:A241="",, XLOOKUP(D20:D241, 'Recal IDs Log'!E19:E241, 'Recal IDs Log'!B19:B241, "", 0, -1))} -> #REF! | P20: =IF(A20="",,LET(bolt_score,F20,co2tt_score,G20,mbt_score,H20,lom_text,I20,rom_score,J20,bolt_tier,IFS(bolt_score<15,0,bolt_score<=19,1,bolt_score<=24,2,bolt_score<=29,3,bolt_score<=34,4,bolt_score>=35,5,TRUE,0),co2tt_tier,IFS(co2tt_score<25,0,co2tt_score<=39,1,co2tt_score<=54,2,co2tt_score<=69,3,co2tt_score<=84,4,co2tt_score>=85,5,TRUE,0),mbt_tier,IFS(mbt_score<25,0,mbt_score<=39,1,mbt_score<=54,2,mbt_score<=69,3,mbt_score<=84,4,mbt_score>=85,5,TRUE,0),rom_tier,IFS(rom_score<60,0,rom_score<=74,1,rom_score<=89,2,rom_score<=104,3,rom_score<=119,4,rom_score>=120,5,TRUE,0),lom_tier,IFS(ISNUMBER(SEARCH("zone 3 only",lom_text)),0,ISNUMBER(SEARCH("zone 3",lom_text))*ISNUMBER(SEARCH("zone 2",lom_text)),1,ISNUMBER(SEARCH("zone 2",lom_text))*NOT(ISNUMBER(SEARCH("zone 1",lom_text)))*NOT(ISNUMBER(SEARCH("zone 3",lom_text))),2,ISNUMBER(SEARCH("zone 1",lom_text))*ISNUMBER(SEARCH("zone 2",lom_text)),3,ISNUMBER(SEARCH("zone 1",lom_text))*ISNUMBER(SEARCH("horizontal",lom_text)),4,ISNUMBER(SEARCH("360",lom_text)),5,TRUE,0),total_weighted_score,(bolt_tier*1)+(co2tt_tier*2)+(mbt_tier*3)+(lom_tier*3)+(rom_tier*1),(total_weighted_score/50)*100)) -> 24 | Q20: =IF(P20="",,IFS(P20>=93,"Ultra",P20>=80,"Great",P20>=65,"Good",P20>=50,"Fair",P20>=31,"Poor",P20>=0,"Very Poor")) -> Very Poor | R20: =IF(P20="",,IFS(P20>=93,"Breath Master",P20>=80,"Breathwork-Trained",P20>=65,"Functional Breather",P20>=50,"Breather-in-Training",P20>=31,"Breath Beginner",P20>=0,"Breath-Aware")) -> Breath-Aware
A21: 45938.082 | B21: Nathan | C21: Tidwell | D21: nrtguard-af@yahoo.com | E21: Climb a high altitude mountain | F21: 25 | G21: 73 | H21: 70 | I21: Zone 2 | J21: 103 | K21: Aconcagua Jan/Feb 2026 | O21: {=IF(A21:A241="",, XLOOKUP(D21:D241, 'Recal IDs Log'!E20:E241, 'Recal IDs Log'!B20:B241, "", 0, -1))} -> #REF! | P21: =IF(A21="",,LET(bolt_score,F21,co2tt_score,G21,mbt_score,H21,lom_text,I21,rom_score,J21,bolt_tier,IFS(bolt_score<15,0,bolt_score<=19,1,bolt_score<=24,2,bolt_score<=29,3,bolt_score<=34,4,bolt_score>=35,5,TRUE,0),co2tt_tier,IFS(co2tt_score<25,0,co2tt_score<=39,1,co2tt_score<=54,2,co2tt_score<=69,3,co2tt_score<=84,4,co2tt_score>=85,5,TRUE,0),mbt_tier,IFS(mbt_score<25,0,mbt_score<=39,1,mbt_score<=54,2,mbt_score<=69,3,mbt_score<=84,4,mbt_score>=85,5,TRUE,0),rom_tier,IFS(rom_score<60,0,rom_score<=74,1,rom_score<=89,2,rom_score<=104,3,rom_score<=119,4,rom_score>=120,5,TRUE,0),lom_tier,IFS(ISNUMBER(SEARCH("zone 3 only",lom_text)),0,ISNUMBER(SEARCH("zone 3",lom_text))*ISNUMBER(SEARCH("zone 2",lom_text)),1,ISNUMBER(SEARCH("zone 2",lom_text))*NOT(ISNUMBER(SEARCH("zone 1",lom_text)))*NOT(ISNUMBER(SEARCH("zone 3",lom_text))),2,ISNUMBER(SEARCH("zone 1",lom_text))*ISNUMBER(SEARCH("zone 2",lom_text)),3,ISNUMBER(SEARCH("zone 1",lom_text))*ISNUMBER(SEARCH("horizontal",lom_text)),4,ISNUMBER(SEARCH("360",lom_text)),5,TRUE,0),total_weighted_score,(bolt_tier*1)+(co2tt_tier*2)+(mbt_tier*3)+(lom_tier*3)+(rom_tier*1),(total_weighted_score/50)*100)) -> 64 | Q21: =IF(P21="",,IFS(P21>=93,"Ultra",P21>=80,"Great",P21>=65,"Good",P21>=50,"Fair",P21>=31,"Poor",P21>=0,"Very Poor")) -> Fair | R21: =IF(P21="",,IFS(P21>=93,"Breath Master",P21>=80,"Breathwork-Trained",P21>=65,"Functional Breather",P21>=50,"Breather-in-Training",P21>=31,"Breath Beginner",P21>=0,"Breath-Aware")) -> Breather-in-Training
A22: 45938.807 | B22: Alex | C22: Uy | D22: alex_uy@hotmail.com | E22: Climb a high altitude mountain | F22: 32 | G22: 88 | H22: 75 | I22: Zone 1, Horizontal movement, Shoulders = no movement | J22: 96.77 | K22: Aconcagua in December | O22: {=IF(A22:A241="",, XLOOKUP(D22:D241, 'Recal IDs Log'!E21:E241, 'Recal IDs Log'!B21:B241, "", 0, -1))} -> #REF! | P22: =IF(A22="",,LET(bolt_score,F22,co2tt_score,G22,mbt_score,H22,lom_text,I22,rom_score,J22,bolt_tier,IFS(bolt_score<15,0,bolt_score<=19,1,bolt_score<=24,2,bolt_score<=29,3,bolt_score<=34,4,bolt_score>=35,5,TRUE,0),co2tt_tier,IFS(co2tt_score<25,0,co2tt_score<=39,1,co2tt_score<=54,2,co2tt_score<=69,3,co2tt_score<=84,4,co2tt_score>=85,5,TRUE,0),mbt_tier,IFS(mbt_score<25,0,mbt_score<=39,1,mbt_score<=54,2,mbt_score<=69,3,mbt_score<=84,4,mbt_score>=85,5,TRUE,0),rom_tier,IFS(rom_score<60,0,rom_score<=74,1,rom_score<=89,2,rom_score<=104,3,rom_score<=119,4,rom_score>=120,5,TRUE,0),lom_tier,IFS(ISNUMBER(SEARCH("zone 3 only",lom_text)),0,ISNUMBER(SEARCH("zone 3",lom_text))*ISNUMBER(SEARCH("zone 2",lom_text)),1,ISNUMBER(SEARCH("zone 2",lom_text))*NOT(ISNUMBER(SEARCH("zone 1",lom_text)))*NOT(ISNUMBER(SEARCH("zone 3",lom_text))),2,ISNUMBER(SEARCH("zone 1",lom_text))*ISNUMBER(SEARCH("zone 2",lom_text)),3,ISNUMBER(SEARCH("zone 1",lom_text))*ISNUMBER(SEARCH("horizontal",lom_text)),4,ISNUMBER(SEARCH("360",lom_text)),5,TRUE,0),total_weighted_score,(bolt_tier*1)+(co2tt_tier*2)+(mbt_tier*3)+(lom_tier*3)+(rom_tier*1),(total_weighted_score/50)*100)) -> 82 | Q22: =IF(P22="",,IFS(P22>=93,"Ultra",P22>=80,"Great",P22>=65,"Good",P22>=50,"Fair",P22>=31,"Poor",P22>=0,"Very Poor")) -> Great | R22: =IF(P22="",,IFS(P22>=93,"Breath Master",P22>=80,"Breathwork-Trained",P22>=65,"Functional Breather",P22>=50,"Breather-in-Training",P22>=31,"Breath Beginner",P22>=0,"Breath-Aware")) -> Breathwork-Trained
A23: 45939.344 | B23: Christyna | C23: jauffret | D23: tynasmith@icloud.com | E23: Climb a high altitude mountain | F23: 30 | G23: 61 | H23: 32 | I23: Zone 1 and a bit of Zone 2, Belly movement apparent | J23: 146.6 | K23: aconcagua in 10 weeks | O23: {=IF(A23:A241="",, XLOOKUP(D23:D241, 'Recal IDs Log'!E22:E241, 'Recal IDs Log'!B22:B241, "", 0, -1))} -> #REF! | P23: =IF(A23="",,LET(bolt_score,F23,co2tt_score,G23,mbt_score,H23,lom_text,I23,rom_score,J23,bolt_tier,IFS(bolt_score<15,0,bolt_score<=19,1,bolt_score<=24,2,bolt_score<=29,3,bolt_score<=34,4,bolt_score>=35,5,TRUE,0),co2tt_tier,IFS(co2tt_score<25,0,co2tt_score<=39,1,co2tt_score<=54,2,co2tt_score<=69,3,co2tt_score<=84,4,co2tt_score>=85,5,TRUE,0),mbt_tier,IFS(mbt_score<25,0,mbt_score<=39,1,mbt_score<=54,2,mbt_score<=69,3,mbt_score<=84,4,mbt_score>=85,5,TRUE,0),rom_tier,IFS(rom_score<60,0,rom_score<=74,1,rom_score<=89,2,rom_score<=104,3,rom_score<=119,4,rom_score>=120,5,TRUE,0),lom_tier,IFS(ISNUMBER(SEARCH("zone 3 only",lom_text)),0,ISNUMBER(SEARCH("zone 3",lom_text))*ISNUMBER(SEARCH("zone 2",lom_text)),1,ISNUMBER(SEARCH("zone 2",lom_text))*NOT(ISNUMBER(SEARCH("zone 1",lom_text)))*NOT(ISNUMBER(SEARCH("zone 3",lom_text))),2,ISNUMBER(SEARCH("zone 1",lom_text))*ISNUMBER(SEARCH("zone 2",lom_text)),3,ISNUMBER(SEARCH("zone 1",lom_text))*ISNUMBER(SEARCH("horizontal",lom_text)),4,ISNUMBER(SEARCH("360",lom_text)),5,TRUE,0),total_weighted_score,(bolt_tier*1)+(co2tt_tier*2)+(mbt_tier*3)+(lom_tier*3)+(rom_tier*1),(total_weighted_score/50)*100)) -> 54 | Q23: =IF(P23="",,IFS(P23>=93,"Ultra",P23>=80,"Great",P23>=65,"Good",P23>=50,"Fair",P23>=31,"Poor",P23>=0,"Very Poor")) -> Fair | R23: =IF(P23="",,IFS(P23>=93,"Breath Master",P23>=80,"Breathwork-Trained",P23>=65,"Functional Breather",P23>=50,"Breather-in-Training",P23>=31,"Breath Beginner",P23>=0,"Breath-Aware")) -> Breather-in-Training
A24: 45939.792 | B24: Martin | C24: Kysel | D24: martin@martinkysel.com | E24: Climb a high altitude mountain | F24: 15 | G24: 32 | H24: 23 | I24: Zone 2 | J24: 80 | K24: Aconcagua in January 2026 | O24: {=IF(A24:A241="",, XLOOKUP(D24:D241, 'Recal IDs Log'!E23:E241, 'Recal IDs Log'!B23:B241, "", 0, -1))} -> #REF! | P24: =IF(A24="",,LET(bolt_score,F24,co2tt_score,G24,mbt_score,H24,lom_text,I24,rom_score,J24,bolt_tier,IFS(bolt_score<15,0,bolt_score<=19,1,bolt_score<=24,2,bolt_score<=29,3,bolt_score<=34,4,bolt_score>=35,5,TRUE,0),co2tt_tier,IFS(co2tt_score<25,0,co2tt_score<=39,1,co2tt_score<=54,2,co2tt_score<=69,3,co2tt_score<=84,4,co2tt_score>=85,5,TRUE,0),mbt_tier,IFS(mbt_score<25,0,mbt_score<=39,1,mbt_score<=54,2,mbt_score<=69,3,mbt_score<=84,4,mbt_score>=85,5,TRUE,0),rom_tier,IFS(rom_score<60,0,rom_score<=74,1,rom_score<=89,2,rom_score<=104,3,rom_score<=119,4,rom_score>=120,5,TRUE,0),lom_tier,IFS(ISNUMBER(SEARCH("zone 3 only",lom_text)),0,ISNUMBER(SEARCH("zone 3",lom_text))*ISNUMBER(SEARCH("zone 2",lom_text)),1,ISNUMBER(SEARCH("zone 2",lom_text))*NOT(ISNUMBER(SEARCH("zone 1",lom_text)))*NOT(ISNUMBER(SEARCH("zone 3",lom_text))),2,ISNUMBER(SEARCH("zone 1",lom_text))*ISNUMBER(SEARCH("zone 2",lom_text)),3,ISNUMBER(SEARCH("zone 1",lom_text))*ISNUMBER(SEARCH("horizontal",lom_text)),4,ISNUMBER(SEARCH("360",lom_text)),5,TRUE,0),total_weighted_score,(bolt_tier*1)+(co2tt_tier*2)+(mbt_tier*3)+(lom_tier*3)+(rom_tier*1),(total_weighted_score/50)*100)) -> 22 | Q24: =IF(P24="",,IFS(P24>=93,"Ultra",P24>=80,"Great",P24>=65,"Good",P24>=50,"Fair",P24>=31,"Poor",P24>=0,"Very Poor")) -> Very Poor | R24: =IF(P24="",,IFS(P24>=93,"Breath Master",P24>=80,"Breathwork-Trained",P24>=65,"Functional Breather",P24>=50,"Breather-in-Training",P24>=31,"Breath Beginner",P24>=0,"Breath-Aware")) -> Breath-Aware
A25: 45940.413 | B25: Nina | C25: Ostasz | D25: n.ostasz@gmail.com | E25: Climb a high altitude mountain | F25: 25 | G25: 68 | H25: 77 | I25: Zone 2 | J25: 130 | K25: ? | O25: {=IF(A25:A241="",, XLOOKUP(D25:D241, 'Recal IDs Log'!E24:E241, 'Recal IDs Log'!B24:B241, "", 0, -1))} -> #REF! | P25: =IF(A25="",,LET(bolt_score,F25,co2tt_score,G25,mbt_score,H25,lom_text,I25,rom_score,J25,bolt_tier,IFS(bolt_score<15,0,bolt_score<=19,1,bolt_score<=24,2,bolt_score<=29,3,bolt_score<=34,4,bolt_score>=35,5,TRUE,0),co2tt_tier,IFS(co2tt_score<25,0,co2tt_score<=39,1,co2tt_score<=54,2,co2tt_score<=69,3,co2tt_score<=84,4,co2tt_score>=85,5,TRUE,0),mbt_tier,IFS(mbt_score<25,0,mbt_score<=39,1,mbt_score<=54,2,mbt_score<=69,3,mbt_score<=84,4,mbt_score>=85,5,TRUE,0),rom_tier,IFS(rom_score<60,0,rom_score<=74,1,rom_score<=89,2,rom_score<=104,3,rom_score<=119,4,rom_score>=120,5,TRUE,0),lom_tier,IFS(ISNUMBER(SEARCH("zone 3 only",lom_text)),0,ISNUMBER(SEARCH("zone 3",lom_text))*ISNUMBER(SEARCH("zone 2",lom_text)),1,ISNUMBER(SEARCH("zone 2",lom_text))*NOT(ISNUMBER(SEARCH("zone 1",lom_text)))*NOT(ISNUMBER(SEARCH("zone 3",lom_text))),2,ISNUMBER(SEARCH("zone 1",lom_text))*ISNUMBER(SEARCH("zone 2",lom_text)),3,ISNUMBER(SEARCH("zone 1",lom_text))*ISNUMBER(SEARCH("horizontal",lom_text)),4,ISNUMBER(SEARCH("360",lom_text)),5,TRUE,0),total_weighted_score,(bolt_tier*1)+(co2tt_tier*2)+(mbt_tier*3)+(lom_tier*3)+(rom_tier*1),(total_weighted_score/50)*100)) -> 64 | Q25: =IF(P25="",,IFS(P25>=93,"Ultra",P25>=80,"Great",P25>=65,"Good",P25>=50,"Fair",P25>=31,"Poor",P25>=0,"Very Poor")) -> Fair | R25: =IF(P25="",,IFS(P25>=93,"Breath Master",P25>=80,"Breathwork-Trained",P25>=65,"Functional Breather",P25>=50,"Breather-in-Training",P25>=31,"Breath Beginner",P25>=0,"Breath-Aware")) -> Breather-in-Training
A26: 45940.952 | B26: Zoe | C26: Nance | D26: zoe@zoefitness.com | E26: Climb a high altitude mountain | F26: 20 | G26: 45 | H26: 25 | I26: Zone 2 | J26: 46 | K26: Improve my overall breathing. Improve postural muscles in my abdomen area. Climb mountains all the time, like riding my bike up them actually :) And hiking sometimes. LOL | O26: {=IF(A26:A241="",, XLOOKUP(D26:D241, 'Recal IDs Log'!E25:E241, 'Recal IDs Log'!B25:B241, "", 0, -1))} -> #REF! | P26: =IF(A26="",,LET(bolt_score,F26,co2tt_score,G26,mbt_score,H26,lom_text,I26,rom_score,J26,bolt_tier,IFS(bolt_score<15,0,bolt_score<=19,1,bolt_score<=24,2,bolt_score<=29,3,bolt_score<=34,4,bolt_score>=35,5,TRUE,0),co2tt_tier,IFS(co2tt_score<25,0,co2tt_score<=39,1,co2tt_score<=54,2,co2tt_score<=69,3,co2tt_score<=84,4,co2tt_score>=85,5,TRUE,0),mbt_tier,IFS(mbt_score<25,0,mbt_score<=39,1,mbt_score<=54,2,mbt_score<=69,3,mbt_score<=84,4,mbt_score>=85,5,TRUE,0),rom_tier,IFS(rom_score<60,0,rom_score<=74,1,rom_score<=89,2,rom_score<=104,3,rom_score<=119,4,rom_score>=120,5,TRUE,0),lom_tier,IFS(ISNUMBER(SEARCH("zone 3 only",lom_text)),0,ISNUMBER(SEARCH("zone 3",lom_text))*ISNUMBER(SEARCH("zone 2",lom_text)),1,ISNUMBER(SEARCH("zone 2",lom_text))*NOT(ISNUMBER(SEARCH("zone 1",lom_text)))*NOT(ISNUMBER(SEARCH("zone 3",lom_text))),2,ISNUMBER(SEARCH("zone 1",lom_text))*ISNUMBER(SEARCH("zone 2",lom_text)),3,ISNUMBER(SEARCH("zone 1",lom_text))*ISNUMBER(SEARCH("horizontal",lom_text)),4,ISNUMBER(SEARCH("360",lom_text)),5,TRUE,0),total_weighted_score,(bolt_tier*1)+(co2tt_tier*2)+(mbt_tier*3)+(lom_tier*3)+(rom_tier*1),(total_weighted_score/50)*100)) -> 30 | Q26: =IF(P26="",,IFS(P26>=93,"Ultra",P26>=80,"Great",P26>=65,"Good",P26>=50,"Fair",P26>=31,"Poor",P26>=0,"Very Poor")) -> Very Poor | R26: =IF(P26="",,IFS(P26>=93,"Breath Master",P26>=80,"Breathwork-Trained",P26>=65,"Functional Breather",P26>=50,"Breather-in-Training",P26>=31,"Breath Beginner",P26>=0,"Breath-Aware")) -> Breath-Aware
A27: 45943.649 | B27: Simon | C27: le maistre | D27: simonlemaistre@gmail.com | E27: Hiking/trekking in general | F27: 30 | G27: 54 | H27: 58 | I27: Zone 1 and a bit of Zone 2, Belly movement apparent | J27: 83 | O27: {=IF(A27:A241="",, XLOOKUP(D27:D241, 'Recal IDs Log'!E26:E241, 'Recal IDs Log'!B26:B241, "", 0, -1))} -> #REF! | P27: =IF(A27="",,LET(bolt_score,F27,co2tt_score,G27,mbt_score,H27,lom_text,I27,rom_score,J27,bolt_tier,IFS(bolt_score<15,0,bolt_score<=19,1,bolt_score<=24,2,bolt_score<=29,3,bolt_score<=34,4,bolt_score>=35,5,TRUE,0),co2tt_tier,IFS(co2tt_score<25,0,co2tt_score<=39,1,co2tt_score<=54,2,co2tt_score<=69,3,co2tt_score<=84,4,co2tt_score>=85,5,TRUE,0),mbt_tier,IFS(mbt_score<25,0,mbt_score<=39,1,mbt_score<=54,2,mbt_score<=69,3,mbt_score<=84,4,mbt_score>=85,5,TRUE,0),rom_tier,IFS(rom_score<60,0,rom_score<=74,1,rom_score<=89,2,rom_score<=104,3,rom_score<=119,4,rom_score>=120,5,TRUE,0),lom_tier,IFS(ISNUMBER(SEARCH("zone 3 only",lom_text)),0,ISNUMBER(SEARCH("zone 3",lom_text))*ISNUMBER(SEARCH("zone 2",lom_text)),1,ISNUMBER(SEARCH("zone 2",lom_text))*NOT(ISNUMBER(SEARCH("zone 1",lom_text)))*NOT(ISNUMBER(SEARCH("zone 3",lom_text))),2,ISNUMBER(SEARCH("zone 1",lom_text))*ISNUMBER(SEARCH("zone 2",lom_text)),3,ISNUMBER(SEARCH("zone 1",lom_text))*ISNUMBER(SEARCH("horizontal",lom_text)),4,ISNUMBER(SEARCH("360",lom_text)),5,TRUE,0),total_weighted_score,(bolt_tier*1)+(co2tt_tier*2)+(mbt_tier*3)+(lom_tier*3)+(rom_tier*1),(total_weighted_score/50)*100)) -> 56 | Q27: =IF(P27="",,IFS(P27>=93,"Ultra",P27>=80,"Great",P27>=65,"Good",P27>=50,"Fair",P27>=31,"Poor",P27>=0,"Very Poor")) -> Fair | R27: =IF(P27="",,IFS(P27>=93,"Breath Master",P27>=80,"Breathwork-Trained",P27>=65,"Functional Breather",P27>=50,"Breather-in-Training",P27>=31,"Breath Beginner",P27>=0,"Breath-Aware")) -> Breather-in-Training
A28: 45944.148 | B28: Stewart | C28: Hiatt | D28: stewhiatt@gmail.com | E28: Climb a high altitude mountain | F28: 21 | G28: 44 | H28: 45 | I28: Zone 1 and a bit of Zone 2, Belly movement apparent | J28: 101.4 | K28: Everest Base camp | O28: {=IF(A28:A241="",, XLOOKUP(D28:D241, 'Recal IDs Log'!E26:E241, 'Recal IDs Log'!B26:B241, "", 0, -1))} -> #REF! | P28: =IF(A28="",,LET(bolt_score,F28,co2tt_score,G28,mbt_score,H28,lom_text,I28,rom_score,J28,bolt_tier,IFS(bolt_score<15,0,bolt_score<=19,1,bolt_score<=24,2,bolt_score<=29,3,bolt_score<=34,4,bolt_score>=35,5,TRUE,0),co2tt_tier,IFS(co2tt_score<25,0,co2tt_score<=39,1,co2tt_score<=54,2,co2tt_score<=69,3,co2tt_score<=84,4,co2tt_score>=85,5,TRUE,0),mbt_tier,IFS(mbt_score<25,0,mbt_score<=39,1,mbt_score<=54,2,mbt_score<=69,3,mbt_score<=84,4,mbt_score>=85,5,TRUE,0),rom_tier,IFS(rom_score<60,0,rom_score<=74,1,rom_score<=89,2,rom_score<=104,3,rom_score<=119,4,rom_score>=120,5,TRUE,0),lom_tier,IFS(ISNUMBER(SEARCH("zone 3 only",lom_text)),0,ISNUMBER(SEARCH("zone 3",lom_text))*ISNUMBER(SEARCH("zone 2",lom_text)),1,ISNUMBER(SEARCH("zone 2",lom_text))*NOT(ISNUMBER(SEARCH("zone 1",lom_text)))*NOT(ISNUMBER(SEARCH("zone 3",lom_text))),2,ISNUMBER(SEARCH("zone 1",lom_text))*ISNUMBER(SEARCH("zone 2",lom_text)),3,ISNUMBER(SEARCH("zone 1",lom_text))*ISNUMBER(SEARCH("horizontal",lom_text)),4,ISNUMBER(SEARCH("360",lom_text)),5,TRUE,0),total_weighted_score,(bolt_tier*1)+(co2tt_tier*2)+(mbt_tier*3)+(lom_tier*3)+(rom_tier*1),(total_weighted_score/50)*100)) -> 48 | Q28: =IF(P28="",,IFS(P28>=93,"Ultra",P28>=80,"Great",P28>=65,"Good",P28>=50,"Fair",P28>=31,"Poor",P28>=0,"Very Poor")) -> Poor | R28: =IF(P28="",,IFS(P28>=93,"Breath Master",P28>=80,"Breathwork-Trained",P28>=65,"Functional Breather",P28>=50,"Breather-in-Training",P28>=31,"Breath Beginner",P28>=0,"Breath-Aware")) -> Breath Beginner
A29: 45945.52 | B29: Jan | C29: Lamka | D29: jan@lamka.cz | E29: Climb a high altitude mountain | F29: 22 | G29: 46 | H29: 64 | I29: Zone 1 and 360° circumferential movement | J29: 88 | K29: Puppet d’Or (seriously: to be able to operate comfortably at altitude) | O29: {=IF(A29:A241="",, XLOOKUP(D29:D241, 'Recal IDs Log'!E26:E241, 'Recal IDs Log'!B26:B241, "", 0, -1))} -> #REF! | P29: =IF(A29="",,LET(bolt_score,F29,co2tt_score,G29,mbt_score,H29,lom_text,I29,rom_score,J29,bolt_tier,IFS(bolt_score<15,0,bolt_score<=19,1,bolt_score<=24,2,bolt_score<=29,3,bolt_score<=34,4,bolt_score>=35,5,TRUE,0),co2tt_tier,IFS(co2tt_score<25,0,co2tt_score<=39,1,co2tt_score<=54,2,co2tt_score<=69,3,co2tt_score<=84,4,co2tt_score>=85,5,TRUE,0),mbt_tier,IFS(mbt_score<25,0,mbt_score<=39,1,mbt_score<=54,2,mbt_score<=69,3,mbt_score<=84,4,mbt_score>=85,5,TRUE,0),rom_tier,IFS(rom_score<60,0,rom_score<=74,1,rom_score<=89,2,rom_score<=104,3,rom_score<=119,4,rom_score>=120,5,TRUE,0),lom_tier,IFS(ISNUMBER(SEARCH("zone 3 only",lom_text)),0,ISNUMBER(SEARCH("zone 3",lom_text))*ISNUMBER(SEARCH("zone 2",lom_text)),1,ISNUMBER(SEARCH("zone 2",lom_text))*NOT(ISNUMBER(SEARCH("zone 1",lom_text)))*NOT(ISNUMBER(SEARCH("zone 3",lom_text))),2,ISNUMBER(SEARCH("zone 1",lom_text))*ISNUMBER(SEARCH("zone 2",lom_text)),3,ISNUMBER(SEARCH("zone 1",lom_text))*ISNUMBER(SEARCH("horizontal",lom_text)),4,ISNUMBER(SEARCH("360",lom_text)),5,TRUE,0),total_weighted_score,(bolt_tier*1)+(co2tt_tier*2)+(mbt_tier*3)+(lom_tier*3)+(rom_tier*1),(total_weighted_score/50)*100)) -> 64 | Q29: =IF(P29="",,IFS(P29>=93,"Ultra",P29>=80,"Great",P29>=65,"Good",P29>=50,"Fair",P29>=31,"Poor",P29>=0,"Very Poor")) -> Fair | R29: =IF(P29="",,IFS(P29>=93,"Breath Master",P29>=80,"Breathwork-Trained",P29>=65,"Functional Breather",P29>=50,"Breather-in-Training",P29>=31,"Breath Beginner",P29>=0,"Breath-Aware")) -> Breather-in-Training
A30: 45945.851 | B30: Maciej | C30: Nowakowski | D30: maciej@es-ab.se | E30: Climb a high altitude mountain | F30: 38 | G30: 77 | H30: 75 | I30: Zone 1 and a bit of Zone 2, Belly movement apparent | J30: 105.9 | K30: Aconcagua in January (with Grajales) | O30: {=IF(A30:A241="",, XLOOKUP(D30:D241, 'Recal IDs Log'!E26:E241, 'Recal IDs Log'!B26:B241, "", 0, -1))} -> #REF! | P30: =IF(A30="",,LET(bolt_score,F30,co2tt_score,G30,mbt_score,H30,lom_text,I30,rom_score,J30,bolt_tier,IFS(bolt_score<15,0,bolt_score<=19,1,bolt_score<=24,2,bolt_score<=29,3,bolt_score<=34,4,bolt_score>=35,5,TRUE,0),co2tt_tier,IFS(co2tt_score<25,0,co2tt_score<=39,1,co2tt_score<=54,2,co2tt_score<=69,3,co2tt_score<=84,4,co2tt_score>=85,5,TRUE,0),mbt_tier,IFS(mbt_score<25,0,mbt_score<=39,1,mbt_score<=54,2,mbt_score<=69,3,mbt_score<=84,4,mbt_score>=85,5,TRUE,0),rom_tier,IFS(rom_score<60,0,rom_score<=74,1,rom_score<=89,2,rom_score<=104,3,rom_score<=119,4,rom_score>=120,5,TRUE,0),lom_tier,IFS(ISNUMBER(SEARCH("zone 3 only",lom_text)),0,ISNUMBER(SEARCH("zone 3",lom_text))*ISNUMBER(SEARCH("zone 2",lom_text)),1,ISNUMBER(SEARCH("zone 2",lom_text))*NOT(ISNUMBER(SEARCH("zone 1",lom_text)))*NOT(ISNUMBER(SEARCH("zone 3",lom_text))),2,ISNUMBER(SEARCH("zone 1",lom_text))*ISNUMBER(SEARCH("zone 2",lom_text)),3,ISNUMBER(SEARCH("zone 1",lom_text))*ISNUMBER(SEARCH("horizontal",lom_text)),4,ISNUMBER(SEARCH("360",lom_text)),5,TRUE,0),total_weighted_score,(bolt_tier*1)+(co2tt_tier*2)+(mbt_tier*3)+(lom_tier*3)+(rom_tier*1),(total_weighted_score/50)*100)) -> 76 | Q30: =IF(P30="",,IFS(P30>=93,"Ultra",P30>=80,"Great",P30>=65,"Good",P30>=50,"Fair",P30>=31,"Poor",P30>=0,"Very Poor")) -> Good | R30: =IF(P30="",,IFS(P30>=93,"Breath Master",P30>=80,"Breathwork-Trained",P30>=65,"Functional Breather",P30>=50,"Breather-in-Training",P30>=31,"Breath Beginner",P30>=0,"Breath-Aware")) -> Functional Breather
A31: 45959.443 | B31: Adam | C31: Beardsworth | D31: beards001@gmail.com | E31: Climb a high altitude mountain | F31: 21 | G31: 36 | H31: 60 | I31: Zone 1, Horizontal movement, Shoulders = no movement | J31: 98.4 | K31: SPo2 at altitude | O31: {=IF(A31:A241="",, XLOOKUP(D31:D241, 'Recal IDs Log'!E26:E241, 'Recal IDs Log'!B26:B241, "", 0, -1))} -> #REF! | P31: =IF(A31="",,LET(bolt_score,F31,co2tt_score,G31,mbt_score,H31,lom_text,I31,rom_score,J31,bolt_tier,IFS(bolt_score<15,0,bolt_score<=19,1,bolt_score<=24,2,bolt_score<=29,3,bolt_score<=34,4,bolt_score>=35,5,TRUE,0),co2tt_tier,IFS(co2tt_score<25,0,co2tt_score<=39,1,co2tt_score<=54,2,co2tt_score<=69,3,co2tt_score<=84,4,co2tt_score>=85,5,TRUE,0),mbt_tier,IFS(mbt_score<25,0,mbt_score<=39,1,mbt_score<=54,2,mbt_score<=69,3,mbt_score<=84,4,mbt_score>=85,5,TRUE,0),rom_tier,IFS(rom_score<60,0,rom_score<=74,1,rom_score<=89,2,rom_score<=104,3,rom_score<=119,4,rom_score>=120,5,TRUE,0),lom_tier,IFS(ISNUMBER(SEARCH("zone 3 only",lom_text)),0,ISNUMBER(SEARCH("zone 3",lom_text))*ISNUMBER(SEARCH("zone 2",lom_text)),1,ISNUMBER(SEARCH("zone 2",lom_text))*NOT(ISNUMBER(SEARCH("zone 1",lom_text)))*NOT(ISNUMBER(SEARCH("zone 3",lom_text))),2,ISNUMBER(SEARCH("zone 1",lom_text))*ISNUMBER(SEARCH("zone 2",lom_text)),3,ISNUMBER(SEARCH("zone 1",lom_text))*ISNUMBER(SEARCH("horizontal",lom_text)),4,ISNUMBER(SEARCH("360",lom_text)),5,TRUE,0),total_weighted_score,(bolt_tier*1)+(co2tt_tier*2)+(mbt_tier*3)+(lom_tier*3)+(rom_tier*1),(total_weighted_score/50)*100)) -> 56 | Q31: =IF(P31="",,IFS(P31>=93,"Ultra",P31>=80,"Great",P31>=65,"Good",P31>=50,"Fair",P31>=31,"Poor",P31>=0,"Very Poor")) -> Fair | R31: =IF(P31="",,IFS(P31>=93,"Breath Master",P31>=80,"Breathwork-Trained",P31>=65,"Functional Breather",P31>=50,"Breather-in-Training",P31>=31,"Breath Beginner",P31>=0,"Breath-Aware")) -> Breather-in-Training
A32: 45960.833 | B32: Don | C32: Hickman | D32: donphickman@gmail.com | E32: Hiking/trekking in general | F32: 30 | G32: 45 | H32: 60 | I32: Zone 1, Horizontal movement, Shoulders = no movement | J32: 95.2 | K32: To hike without shortness of breath | O32: {=IF(A32:A241="",, XLOOKUP(D32:D241, 'Recal IDs Log'!E26:E241, 'Recal IDs Log'!B26:B241, "", 0, -1))} -> #REF! | P32: =IF(A32="",,LET(bolt_score,F32,co2tt_score,G32,mbt_score,H32,lom_text,I32,rom_score,J32,bolt_tier,IFS(bolt_score<15,0,bolt_score<=19,1,bolt_score<=24,2,bolt_score<=29,3,bolt_score<=34,4,bolt_score>=35,5,TRUE,0),co2tt_tier,IFS(co2tt_score<25,0,co2tt_score<=39,1,co2tt_score<=54,2,co2tt_score<=69,3,co2tt_score<=84,4,co2tt_score>=85,5,TRUE,0),mbt_tier,IFS(mbt_score<25,0,mbt_score<=39,1,mbt_score<=54,2,mbt_score<=69,3,mbt_score<=84,4,mbt_score>=85,5,TRUE,0),rom_tier,IFS(rom_score<60,0,rom_score<=74,1,rom_score<=89,2,rom_score<=104,3,rom_score<=119,4,rom_score>=120,5,TRUE,0),lom_tier,IFS(ISNUMBER(SEARCH("zone 3 only",lom_text)),0,ISNUMBER(SEARCH("zone 3",lom_text))*ISNUMBER(SEARCH("zone 2",lom_text)),1,ISNUMBER(SEARCH("zone 2",lom_text))*NOT(ISNUMBER(SEARCH("zone 1",lom_text)))*NOT(ISNUMBER(SEARCH("zone 3",lom_text))),2,ISNUMBER(SEARCH("zone 1",lom_text))*ISNUMBER(SEARCH("zone 2",lom_text)),3,ISNUMBER(SEARCH("zone 1",lom_text))*ISNUMBER(SEARCH("horizontal",lom_text)),4,ISNUMBER(SEARCH("360",lom_text)),5,TRUE,0),total_weighted_score,(bolt_tier*1)+(co2tt_tier*2)+(mbt_tier*3)+(lom_tier*3)+(rom_tier*1),(total_weighted_score/50)*100)) -> 64 | Q32: =IF(P32="",,IFS(P32>=93,"Ultra",P32>=80,"Great",P32>=65,"Good",P32>=50,"Fair",P32>=31,"Poor",P32>=0,"Very Poor")) -> Fair | R32: =IF(P32="",,IFS(P32>=93,"Breath Master",P32>=80,"Breathwork-Trained",P32>=65,"Functional Breather",P32>=50,"Breather-in-Training",P32>=31,"Breath Beginner",P32>=0,"Breath-Aware")) -> Breather-in-Training
A33: 45960.845 | B33: CLAUDE | C33: MARQUIS | D33: claudemarquis@gmail.com | E33: Climb a high altitude mountain | F33: 10 | G33: 44 | H33: 60 | I33: Zone 1 and a bit of Zone 2, Belly movement apparent | J33: 87.7 | K33: Everest base camp trek next spring | O33: {=IF(A33:A241="",, XLOOKUP(D33:D241, 'Recal IDs Log'!E26:E241, 'Recal IDs Log'!B26:B241, "", 0, -1))} -> #REF! | P33: =IF(A33="",,LET(bolt_score,F33,co2tt_score,G33,mbt_score,H33,lom_text,I33,rom_score,J33,bolt_tier,IFS(bolt_score<15,0,bolt_score<=19,1,bolt_score<=24,2,bolt_score<=29,3,bolt_score<=34,4,bolt_score>=35,5,TRUE,0),co2tt_tier,IFS(co2tt_score<25,0,co2tt_score<=39,1,co2tt_score<=54,2,co2tt_score<=69,3,co2tt_score<=84,4,co2tt_score>=85,5,TRUE,0),mbt_tier,IFS(mbt_score<25,0,mbt_score<=39,1,mbt_score<=54,2,mbt_score<=69,3,mbt_score<=84,4,mbt_score>=85,5,TRUE,0),rom_tier,IFS(rom_score<60,0,rom_score<=74,1,rom_score<=89,2,rom_score<=104,3,rom_score<=119,4,rom_score>=120,5,TRUE,0),lom_tier,IFS(ISNUMBER(SEARCH("zone 3 only",lom_text)),0,ISNUMBER(SEARCH("zone 3",lom_text))*ISNUMBER(SEARCH("zone 2",lom_text)),1,ISNUMBER(SEARCH("zone 2",lom_text))*NOT(ISNUMBER(SEARCH("zone 1",lom_text)))*NOT(ISNUMBER(SEARCH("zone 3",lom_text))),2,ISNUMBER(SEARCH("zone 1",lom_text))*ISNUMBER(SEARCH("zone 2",lom_text)),3,ISNUMBER(SEARCH("zone 1",lom_text))*ISNUMBER(SEARCH("horizontal",lom_text)),4,ISNUMBER(SEARCH("360",lom_text)),5,TRUE,0),total_weighted_score,(bolt_tier*1)+(co2tt_tier*2)+(mbt_tier*3)+(lom_tier*3)+(rom_tier*1),(total_weighted_score/50)*100)) -> 48 | Q33: =IF(P33="",,IFS(P33>=93,"Ultra",P33>=80,"Great",P33>=65,"Good",P33>=50,"Fair",P33>=31,"Poor",P33>=0,"Very Poor")) -> Poor | R33: =IF(P33="",,IFS(P33>=93,"Breath Master",P33>=80,"Breathwork-Trained",P33>=65,"Functional Breather",P33>=50,"Breather-in-Training",P33>=31,"Breath Beginner",P33>=0,"Breath-Aware")) -> Breath Beginner
A34: 45967.938 | B34: Maggie | C34: Kirchhoff | D34: maggiekirchhoff@gmail.com | E34: Climb a high altitude mountain | F34: 21 | G34: 24 | H34: 50 | I34: Zone 1 and a bit of Zone 2, Belly movement apparent | J34: 70.17 | K34: Aconcagua | O34: {=IF(A34:A241="",, XLOOKUP(D34:D241, 'Recal IDs Log'!E26:E241, 'Recal IDs Log'!B26:B241, "", 0, -1))} -> #REF! | P34: =IF(A34="",,LET(bolt_score,F34,co2tt_score,G34,mbt_score,H34,lom_text,I34,rom_score,J34,bolt_tier,IFS(bolt_score<15,0,bolt_score<=19,1,bolt_score<=24,2,bolt_score<=29,3,bolt_score<=34,4,bolt_score>=35,5,TRUE,0),co2tt_tier,IFS(co2tt_score<25,0,co2tt_score<=39,1,co2tt_score<=54,2,co2tt_score<=69,3,co2tt_score<=84,4,co2tt_score>=85,5,TRUE,0),mbt_tier,IFS(mbt_score<25,0,mbt_score<=39,1,mbt_score<=54,2,mbt_score<=69,3,mbt_score<=84,4,mbt_score>=85,5,TRUE,0),rom_tier,IFS(rom_score<60,0,rom_score<=74,1,rom_score<=89,2,rom_score<=104,3,rom_score<=119,4,rom_score>=120,5,TRUE,0),lom_tier,IFS(ISNUMBER(SEARCH("zone 3 only",lom_text)),0,ISNUMBER(SEARCH("zone 3",lom_text))*ISNUMBER(SEARCH("zone 2",lom_text)),1,ISNUMBER(SEARCH("zone 2",lom_text))*NOT(ISNUMBER(SEARCH("zone 1",lom_text)))*NOT(ISNUMBER(SEARCH("zone 3",lom_text))),2,ISNUMBER(SEARCH("zone 1",lom_text))*ISNUMBER(SEARCH("zone 2",lom_text)),3,ISNUMBER(SEARCH("zone 1",lom_text))*ISNUMBER(SEARCH("horizontal",lom_text)),4,ISNUMBER(SEARCH("360",lom_text)),5,TRUE,0),total_weighted_score,(bolt_tier*1)+(co2tt_tier*2)+(mbt_tier*3)+(lom_tier*3)+(rom_tier*1),(total_weighted_score/50)*100)) -> 36 | Q34: =IF(P34="",,IFS(P34>=93,"Ultra",P34>=80,"Great",P34>=65,"Good",P34>=50,"Fair",P34>=31,"Poor",P34>=0,"Very Poor")) -> Poor | R34: =IF(P34="",,IFS(P34>=93,"Breath Master",P34>=80,"Breathwork-Trained",P34>=65,"Functional Breather",P34>=50,"Breather-in-Training",P34>=31,"Breath Beginner",P34>=0,"Breath-Aware")) -> Breath Beginner
A35: 45969.954 | B35: Annette | C35: Husick | D35: annette.husick@sunbeltrentals.com | E35: Climb a high altitude mountain | F35: 13 | G35: 14 | H35: 25 | I35: Zone 3 only, Vertical movement | J35: 45 | K35: Everest base camp April 2027 | O35: {=IF(A35:A241="",, XLOOKUP(D35:D241, 'Recal IDs Log'!E26:E241, 'Recal IDs Log'!B26:B241, "", 0, -1))} -> #REF! | P35: =IF(A35="",,LET(bolt_score,F35,co2tt_score,G35,mbt_score,H35,lom_text,I35,rom_score,J35,bolt_tier,IFS(bolt_score<15,0,bolt_score<=19,1,bolt_score<=24,2,bolt_score<=29,3,bolt_score<=34,4,bolt_score>=35,5,TRUE,0),co2tt_tier,IFS(co2tt_score<25,0,co2tt_score<=39,1,co2tt_score<=54,2,co2tt_score<=69,3,co2tt_score<=84,4,co2tt_score>=85,5,TRUE,0),mbt_tier,IFS(mbt_score<25,0,mbt_score<=39,1,mbt_score<=54,2,mbt_score<=69,3,mbt_score<=84,4,mbt_score>=85,5,TRUE,0),rom_tier,IFS(rom_score<60,0,rom_score<=74,1,rom_score<=89,2,rom_score<=104,3,rom_score<=119,4,rom_score>=120,5,TRUE,0),lom_tier,IFS(ISNUMBER(SEARCH("zone 3 only",lom_text)),0,ISNUMBER(SEARCH("zone 3",lom_text))*ISNUMBER(SEARCH("zone 2",lom_text)),1,ISNUMBER(SEARCH("zone 2",lom_text))*NOT(ISNUMBER(SEARCH("zone 1",lom_text)))*NOT(ISNUMBER(SEARCH("zone 3",lom_text))),2,ISNUMBER(SEARCH("zone 1",lom_text))*ISNUMBER(SEARCH("zone 2",lom_text)),3,ISNUMBER(SEARCH("zone 1",lom_text))*ISNUMBER(SEARCH("horizontal",lom_text)),4,ISNUMBER(SEARCH("360",lom_text)),5,TRUE,0),total_weighted_score,(bolt_tier*1)+(co2tt_tier*2)+(mbt_tier*3)+(lom_tier*3)+(rom_tier*1),(total_weighted_score/50)*100)) -> 6 | Q35: =IF(P35="",,IFS(P35>=93,"Ultra",P35>=80,"Great",P35>=65,"Good",P35>=50,"Fair",P35>=31,"Poor",P35>=0,"Very Poor")) -> Very Poor | R35: =IF(P35="",,IFS(P35>=93,"Breath Master",P35>=80,"Breathwork-Trained",P35>=65,"Functional Breather",P35>=50,"Breather-in-Training",P35>=31,"Breath Beginner",P35>=0,"Breath-Aware")) -> Breath-Aware
A36: 45971.583 | B36: Darlene | C36: Hart | D36: lightwk@gmail.com | E36: Hiking/trekking in general | F36: 17 | G36: 37 | H36: 57 | I36: Zone 1 and 360° circumferential movement | J36: 43.5 | O36: {=IF(A36:A241="",, XLOOKUP(D36:D241, 'Recal IDs Log'!E26:E241, 'Recal IDs Log'!B26:B241, "", 0, -1))} -> #REF! | P36: =IF(A36="",,LET(bolt_score,F36,co2tt_score,G36,mbt_score,H36,lom_text,I36,rom_score,J36,bolt_tier,IFS(bolt_score<15,0,bolt_score<=19,1,bolt_score<=24,2,bolt_score<=29,3,bolt_score<=34,4,bolt_score>=35,5,TRUE,0),co2tt_tier,IFS(co2tt_score<25,0,co2tt_score<=39,1,co2tt_score<=54,2,co2tt_score<=69,3,co2tt_score<=84,4,co2tt_score>=85,5,TRUE,0),mbt_tier,IFS(mbt_score<25,0,mbt_score<=39,1,mbt_score<=54,2,mbt_score<=69,3,mbt_score<=84,4,mbt_score>=85,5,TRUE,0),rom_tier,IFS(rom_score<60,0,rom_score<=74,1,rom_score<=89,2,rom_score<=104,3,rom_score<=119,4,rom_score>=120,5,TRUE,0),lom_tier,IFS(ISNUMBER(SEARCH("zone 3 only",lom_text)),0,ISNUMBER(SEARCH("zone 3",lom_text))*ISNUMBER(SEARCH("zone 2",lom_text)),1,ISNUMBER(SEARCH("zone 2",lom_text))*NOT(ISNUMBER(SEARCH("zone 1",lom_text)))*NOT(ISNUMBER(SEARCH("zone 3",lom_text))),2,ISNUMBER(SEARCH("zone 1",lom_text))*ISNUMBER(SEARCH("zone 2",lom_text)),3,ISNUMBER(SEARCH("zone 1",lom_text))*ISNUMBER(SEARCH("horizontal",lom_text)),4,ISNUMBER(SEARCH("360",lom_text)),5,TRUE,0),total_weighted_score,(bolt_tier*1)+(co2tt_tier*2)+(mbt_tier*3)+(lom_tier*3)+(rom_tier*1),(total_weighted_score/50)*100)) -> 54 | Q36: =IF(P36="",,IFS(P36>=93,"Ultra",P36>=80,"Great",P36>=65,"Good",P36>=50,"Fair",P36>=31,"Poor",P36>=0,"Very Poor")) -> Fair | R36: =IF(P36="",,IFS(P36>=93,"Breath Master",P36>=80,"Breathwork-Trained",P36>=65,"Functional Breather",P36>=50,"Breather-in-Training",P36>=31,"Breath Beginner",P36>=0,"Breath-Aware")) -> Breather-in-Training
A37: 45974.696 | B37: Matt | C37: Cichocki | D37: cichockioutdoors@gmail.com | E37: Climb a high altitude mountain | F37: 10 | G37: 21 | H37: 14 | I37: Zone 1, Horizontal movement, Shoulders = no movement | J37: 78.5 | K37: Aconcagua | O37: {=IF(A37:A241="",, XLOOKUP(D37:D241, 'Recal IDs Log'!E26:E241, 'Recal IDs Log'!B26:B241, "", 0, -1))} -> #REF! | P37: =IF(A37="",,LET(bolt_score,F37,co2tt_score,G37,mbt_score,H37,lom_text,I37,rom_score,J37,bolt_tier,IFS(bolt_score<15,0,bolt_score<=19,1,bolt_score<=24,2,bolt_score<=29,3,bolt_score<=34,4,bolt_score>=35,5,TRUE,0),co2tt_tier,IFS(co2tt_score<25,0,co2tt_score<=39,1,co2tt_score<=54,2,co2tt_score<=69,3,co2tt_score<=84,4,co2tt_score>=85,5,TRUE,0),mbt_tier,IFS(mbt_score<25,0,mbt_score<=39,1,mbt_score<=54,2,mbt_score<=69,3,mbt_score<=84,4,mbt_score>=85,5,TRUE,0),rom_tier,IFS(rom_score<60,0,rom_score<=74,1,rom_score<=89,2,rom_score<=104,3,rom_score<=119,4,rom_score>=120,5,TRUE,0),lom_tier,IFS(ISNUMBER(SEARCH("zone 3 only",lom_text)),0,ISNUMBER(SEARCH("zone 3",lom_text))*ISNUMBER(SEARCH("zone 2",lom_text)),1,ISNUMBER(SEARCH("zone 2",lom_text))*NOT(ISNUMBER(SEARCH("zone 1",lom_text)))*NOT(ISNUMBER(SEARCH("zone 3",lom_text))),2,ISNUMBER(SEARCH("zone 1",lom_text))*ISNUMBER(SEARCH("zone 2",lom_text)),3,ISNUMBER(SEARCH("zone 1",lom_text))*ISNUMBER(SEARCH("horizontal",lom_text)),4,ISNUMBER(SEARCH("360",lom_text)),5,TRUE,0),total_weighted_score,(bolt_tier*1)+(co2tt_tier*2)+(mbt_tier*3)+(lom_tier*3)+(rom_tier*1),(total_weighted_score/50)*100)) -> 28 | Q37: =IF(P37="",,IFS(P37>=93,"Ultra",P37>=80,"Great",P37>=65,"Good",P37>=50,"Fair",P37>=31,"Poor",P37>=0,"Very Poor")) -> Very Poor | R37: =IF(P37="",,IFS(P37>=93,"Breath Master",P37>=80,"Breathwork-Trained",P37>=65,"Functional Breather",P37>=50,"Breather-in-Training",P37>=31,"Breath Beginner",P37>=0,"Breath-Aware")) -> Breath-Aware
A38: 45974.701 | B38: josh | C38: kampling | D38: Jkampling@slusd.us | E38: Climb a high altitude mountain | F38: 16 | G38: 1 | H38: 31 | I38: Zone 1 and a bit of Zone 2, Belly movement apparent | J38: 89.74 | K38: Summit Aconcagua December 15-25 | O38: {=IF(A38:A241="",, XLOOKUP(D38:D241, 'Recal IDs Log'!E26:E241, 'Recal IDs Log'!B26:B241, "", 0, -1))} -> #REF! | P38: =IF(A38="",,LET(bolt_score,F38,co2tt_score,G38,mbt_score,H38,lom_text,I38,rom_score,J38,bolt_tier,IFS(bolt_score<15,0,bolt_score<=19,1,bolt_score<=24,2,bolt_score<=29,3,bolt_score<=34,4,bolt_score>=35,5,TRUE,0),co2tt_tier,IFS(co2tt_score<25,0,co2tt_score<=39,1,co2tt_score<=54,2,co2tt_score<=69,3,co2tt_score<=84,4,co2tt_score>=85,5,TRUE,0),mbt_tier,IFS(mbt_score<25,0,mbt_score<=39,1,mbt_score<=54,2,mbt_score<=69,3,mbt_score<=84,4,mbt_score>=85,5,TRUE,0),rom_tier,IFS(rom_score<60,0,rom_score<=74,1,rom_score<=89,2,rom_score<=104,3,rom_score<=119,4,rom_score>=120,5,TRUE,0),lom_tier,IFS(ISNUMBER(SEARCH("zone 3 only",lom_text)),0,ISNUMBER(SEARCH("zone 3",lom_text))*ISNUMBER(SEARCH("zone 2",lom_text)),1,ISNUMBER(SEARCH("zone 2",lom_text))*NOT(ISNUMBER(SEARCH("zone 1",lom_text)))*NOT(ISNUMBER(SEARCH("zone 3",lom_text))),2,ISNUMBER(SEARCH("zone 1",lom_text))*ISNUMBER(SEARCH("zone 2",lom_text)),3,ISNUMBER(SEARCH("zone 1",lom_text))*ISNUMBER(SEARCH("horizontal",lom_text)),4,ISNUMBER(SEARCH("360",lom_text)),5,TRUE,0),total_weighted_score,(bolt_tier*1)+(co2tt_tier*2)+(mbt_tier*3)+(lom_tier*3)+(rom_tier*1),(total_weighted_score/50)*100)) -> 32 | Q38: =IF(P38="",,IFS(P38>=93,"Ultra",P38>=80,"Great",P38>=65,"Good",P38>=50,"Fair",P38>=31,"Poor",P38>=0,"Very Poor")) -> Poor | R38: =IF(P38="",,IFS(P38>=93,"Breath Master",P38>=80,"Breathwork-Trained",P38>=65,"Functional Breather",P38>=50,"Breather-in-Training",P38>=31,"Breath Beginner",P38>=0,"Breath-Aware")) -> Breath Beginner
A39: 45974.971 | B39: DAVID | C39: DEPPELER | D39: DAVID@BREATHEYOURTRUTH.COM | E39: Hiking/trekking in general | F39: 30 | G39: 75 | H39: 60 | I39: Zone 1 and 360° circumferential movement | J39: 176 | K39: JUST HEALTHY LIVING | O39: {=IF(A39:A241="",, XLOOKUP(D39:D241, 'Recal IDs Log'!E26:E241, 'Recal IDs Log'!B26:B241, "", 0, -1))} -> #REF! | P39: =IF(A39="",,LET(bolt_score,F39,co2tt_score,G39,mbt_score,H39,lom_text,I39,rom_score,J39,bolt_tier,IFS(bolt_score<15,0,bolt_score<=19,1,bolt_score<=24,2,bolt_score<=29,3,bolt_score<=34,4,bolt_score>=35,5,TRUE,0),co2tt_tier,IFS(co2tt_score<25,0,co2tt_score<=39,1,co2tt_score<=54,2,co2tt_score<=69,3,co2tt_score<=84,4,co2tt_score>=85,5,TRUE,0),mbt_tier,IFS(mbt_score<25,0,mbt_score<=39,1,mbt_score<=54,2,mbt_score<=69,3,mbt_score<=84,4,mbt_score>=85,5,TRUE,0),rom_tier,IFS(rom_score<60,0,rom_score<=74,1,rom_score<=89,2,rom_score<=104,3,rom_score<=119,4,rom_score>=120,5,TRUE,0),lom_tier,IFS(ISNUMBER(SEARCH("zone 3 only",lom_text)),0,ISNUMBER(SEARCH("zone 3",lom_text))*ISNUMBER(SEARCH("zone 2",lom_text)),1,ISNUMBER(SEARCH("zone 2",lom_text))*NOT(ISNUMBER(SEARCH("zone 1",lom_text)))*NOT(ISNUMBER(SEARCH("zone 3",lom_text))),2,ISNUMBER(SEARCH("zone 1",lom_text))*ISNUMBER(SEARCH("zone 2",lom_text)),3,ISNUMBER(SEARCH("zone 1",lom_text))*ISNUMBER(SEARCH("horizontal",lom_text)),4,ISNUMBER(SEARCH("360",lom_text)),5,TRUE,0),total_weighted_score,(bolt_tier*1)+(co2tt_tier*2)+(mbt_tier*3)+(lom_tier*3)+(rom_tier*1),(total_weighted_score/50)*100)) -> 82 | Q39: =IF(P39="",,IFS(P39>=93,"Ultra",P39>=80,"Great",P39>=65,"Good",P39>=50,"Fair",P39>=31,"Poor",P39>=0,"Very Poor")) -> Great | R39: =IF(P39="",,IFS(P39>=93,"Breath Master",P39>=80,"Breathwork-Trained",P39>=65,"Functional Breather",P39>=50,"Breather-in-Training",P39>=31,"Breath Beginner",P39>=0,"Breath-Aware")) -> Breathwork-Trained
A40: 45975.5 | B40: Anup | C40: Pokhrel | D40: anupok@gmail.com | E40: Run a marathon (or other distance) at or near sea level | F40: 16 | G40: 32 | H40: 24 | I40: Zone 1 and a bit of Zone 2, Belly movement apparent | J40: 88 | K40: Sub three in Mumbai Marathon. I have done a 100miler in my third trail race with longest a 50km high altitude race. That 100 miler had almost 10000 m total climb although altitude was max around 3000. | O40: {=IF(A40:A241="",, XLOOKUP(D40:D241, 'Recal IDs Log'!E26:E241, 'Recal IDs Log'!B26:B241, "", 0, -1))} -> #REF! | P40: =IF(A40="",,LET(bolt_score,F40,co2tt_score,G40,mbt_score,H40,lom_text,I40,rom_score,J40,bolt_tier,IFS(bolt_score<15,0,bolt_score<=19,1,bolt_score<=24,2,bolt_score<=29,3,bolt_score<=34,4,bolt_score>=35,5,TRUE,0),co2tt_tier,IFS(co2tt_score<25,0,co2tt_score<=39,1,co2tt_score<=54,2,co2tt_score<=69,3,co2tt_score<=84,4,co2tt_score>=85,5,TRUE,0),mbt_tier,IFS(mbt_score<25,0,mbt_score<=39,1,mbt_score<=54,2,mbt_score<=69,3,mbt_score<=84,4,mbt_score>=85,5,TRUE,0),rom_tier,IFS(rom_score<60,0,rom_score<=74,1,rom_score<=89,2,rom_score<=104,3,rom_score<=119,4,rom_score>=120,5,TRUE,0),lom_tier,IFS(ISNUMBER(SEARCH("zone 3 only",lom_text)),0,ISNUMBER(SEARCH("zone 3",lom_text))*ISNUMBER(SEARCH("zone 2",lom_text)),1,ISNUMBER(SEARCH("zone 2",lom_text))*NOT(ISNUMBER(SEARCH("zone 1",lom_text)))*NOT(ISNUMBER(SEARCH("zone 3",lom_text))),2,ISNUMBER(SEARCH("zone 1",lom_text))*ISNUMBER(SEARCH("zone 2",lom_text)),3,ISNUMBER(SEARCH("zone 1",lom_text))*ISNUMBER(SEARCH("horizontal",lom_text)),4,ISNUMBER(SEARCH("360",lom_text)),5,TRUE,0),total_weighted_score,(bolt_tier*1)+(co2tt_tier*2)+(mbt_tier*3)+(lom_tier*3)+(rom_tier*1),(total_weighted_score/50)*100)) -> 28 | Q40: =IF(P40="",,IFS(P40>=93,"Ultra",P40>=80,"Great",P40>=65,"Good",P40>=50,"Fair",P40>=31,"Poor",P40>=0,"Very Poor")) -> Very Poor | R40: =IF(P40="",,IFS(P40>=93,"Breath Master",P40>=80,"Breathwork-Trained",P40>=65,"Functional Breather",P40>=50,"Breather-in-Training",P40>=31,"Breath Beginner",P40>=0,"Breath-Aware")) -> Breath-Aware
A41: 45983.18 | B41: Saransh | C41: Gupta | D41: saranshgupta92@gmail.com | E41: Climb a high altitude mountain | F41: 46 | G41: 53 | H41: 55 | I41: Zone 1 and a bit of Zone 2, Belly movement apparent | J41: 90.395 | O41: {=IF(A41:A241="",, XLOOKUP(D41:D241, 'Recal IDs Log'!E26:E241, 'Recal IDs Log'!B26:B241, "", 0, -1))} -> #REF! | P41: =IF(A41="",,LET(bolt_score,F41,co2tt_score,G41,mbt_score,H41,lom_text,I41,rom_score,J41,bolt_tier,IFS(bolt_score<15,0,bolt_score<=19,1,bolt_score<=24,2,bolt_score<=29,3,bolt_score<=34,4,bolt_score>=35,5,TRUE,0),co2tt_tier,IFS(co2tt_score<25,0,co2tt_score<=39,1,co2tt_score<=54,2,co2tt_score<=69,3,co2tt_score<=84,4,co2tt_score>=85,5,TRUE,0),mbt_tier,IFS(mbt_score<25,0,mbt_score<=39,1,mbt_score<=54,2,mbt_score<=69,3,mbt_score<=84,4,mbt_score>=85,5,TRUE,0),rom_tier,IFS(rom_score<60,0,rom_score<=74,1,rom_score<=89,2,rom_score<=104,3,rom_score<=119,4,rom_score>=120,5,TRUE,0),lom_tier,IFS(ISNUMBER(SEARCH("zone 3 only",lom_text)),0,ISNUMBER(SEARCH("zone 3",lom_text))*ISNUMBER(SEARCH("zone 2",lom_text)),1,ISNUMBER(SEARCH("zone 2",lom_text))*NOT(ISNUMBER(SEARCH("zone 1",lom_text)))*NOT(ISNUMBER(SEARCH("zone 3",lom_text))),2,ISNUMBER(SEARCH("zone 1",lom_text))*ISNUMBER(SEARCH("zone 2",lom_text)),3,ISNUMBER(SEARCH("zone 1",lom_text))*ISNUMBER(SEARCH("horizontal",lom_text)),4,ISNUMBER(SEARCH("360",lom_text)),5,TRUE,0),total_weighted_score,(bolt_tier*1)+(co2tt_tier*2)+(mbt_tier*3)+(lom_tier*3)+(rom_tier*1),(total_weighted_score/50)*100)) -> 60 | Q41: =IF(P41="",,IFS(P41>=93,"Ultra",P41>=80,"Great",P41>=65,"Good",P41>=50,"Fair",P41>=31,"Poor",P41>=0,"Very Poor")) -> Fair | R41: =IF(P41="",,IFS(P41>=93,"Breath Master",P41>=80,"Breathwork-Trained",P41>=65,"Functional Breather",P41>=50,"Breather-in-Training",P41>=31,"Breath Beginner",P41>=0,"Breath-Aware")) -> Breather-in-Training
A42: 45984.018 | B42: Z | C42: D | D42: honeytiger4321@gmail.com | E42: Climb a high altitude mountain | F42: 30 | G42: 70 | H42: 36 | I42: Zone 1 and a bit of Zone 2, Belly movement apparent | J42: 37.5 | K42: 4000m peak by summer 2026 | O42: {=IF(A42:A241="",, XLOOKUP(D42:D241, 'Recal IDs Log'!E26:E241, 'Recal IDs Log'!B26:B241, "", 0, -1))} -> #REF! | P42: =IF(A42="",,LET(bolt_score,F42,co2tt_score,G42,mbt_score,H42,lom_text,I42,rom_score,J42,bolt_tier,IFS(bolt_score<15,0,bolt_score<=19,1,bolt_score<=24,2,bolt_score<=29,3,bolt_score<=34,4,bolt_score>=35,5,TRUE,0),co2tt_tier,IFS(co2tt_score<25,0,co2tt_score<=39,1,co2tt_score<=54,2,co2tt_score<=69,3,co2tt_score<=84,4,co2tt_score>=85,5,TRUE,0),mbt_tier,IFS(mbt_score<25,0,mbt_score<=39,1,mbt_score<=54,2,mbt_score<=69,3,mbt_score<=84,4,mbt_score>=85,5,TRUE,0),rom_tier,IFS(rom_score<60,0,rom_score<=74,1,rom_score<=89,2,rom_score<=104,3,rom_score<=119,4,rom_score>=120,5,TRUE,0),lom_tier,IFS(ISNUMBER(SEARCH("zone 3 only",lom_text)),0,ISNUMBER(SEARCH("zone 3",lom_text))*ISNUMBER(SEARCH("zone 2",lom_text)),1,ISNUMBER(SEARCH("zone 2",lom_text))*NOT(ISNUMBER(SEARCH("zone 1",lom_text)))*NOT(ISNUMBER(SEARCH("zone 3",lom_text))),2,ISNUMBER(SEARCH("zone 1",lom_text))*ISNUMBER(SEARCH("zone 2",lom_text)),3,ISNUMBER(SEARCH("zone 1",lom_text))*ISNUMBER(SEARCH("horizontal",lom_text)),4,ISNUMBER(SEARCH("360",lom_text)),5,TRUE,0),total_weighted_score,(bolt_tier*1)+(co2tt_tier*2)+(mbt_tier*3)+(lom_tier*3)+(rom_tier*1),(total_weighted_score/50)*100)) -> 48 | Q42: =IF(P42="",,IFS(P42>=93,"Ultra",P42>=80,"Great",P42>=65,"Good",P42>=50,"Fair",P42>=31,"Poor",P42>=0,"Very Poor")) -> Poor | R42: =IF(P42="",,IFS(P42>=93,"Breath Master",P42>=80,"Breathwork-Trained",P42>=65,"Functional Breather",P42>=50,"Breather-in-Training",P42>=31,"Breath Beginner",P42>=0,"Breath-Aware")) -> Breath Beginner
A43: 45985.252 | B43: Rye | C43: Simonett | D43: rye.simonett@gmail.com | E43: Climb a high altitude mountain | F43: 27 | G43: 59 | H43: 52 | I43: Zone 2 | J43: 126 | K43: Aconcagua December | O43: {=IF(A43:A241="",, XLOOKUP(D43:D241, 'Recal IDs Log'!E27:E241, 'Recal IDs Log'!B27:B241, "", 0, -1))} -> #REF! | P43: =IF(A43="",,LET(bolt_score,F43,co2tt_score,G43,mbt_score,H43,lom_text,I43,rom_score,J43,bolt_tier,IFS(bolt_score<15,0,bolt_score<=19,1,bolt_score<=24,2,bolt_score<=29,3,bolt_score<=34,4,bolt_score>=35,5,TRUE,0),co2tt_tier,IFS(co2tt_score<25,0,co2tt_score<=39,1,co2tt_score<=54,2,co2tt_score<=69,3,co2tt_score<=84,4,co2tt_score>=85,5,TRUE,0),mbt_tier,IFS(mbt_score<25,0,mbt_score<=39,1,mbt_score<=54,2,mbt_score<=69,3,mbt_score<=84,4,mbt_score>=85,5,TRUE,0),rom_tier,IFS(rom_score<60,0,rom_score<=74,1,rom_score<=89,2,rom_score<=104,3,rom_score<=119,4,rom_score>=120,5,TRUE,0),lom_tier,IFS(ISNUMBER(SEARCH("zone 3 only",lom_text)),0,ISNUMBER(SEARCH("zone 3",lom_text))*ISNUMBER(SEARCH("zone 2",lom_text)),1,ISNUMBER(SEARCH("zone 2",lom_text))*NOT(ISNUMBER(SEARCH("zone 1",lom_text)))*NOT(ISNUMBER(SEARCH("zone 3",lom_text))),2,ISNUMBER(SEARCH("zone 1",lom_text))*ISNUMBER(SEARCH("zone 2",lom_text)),3,ISNUMBER(SEARCH("zone 1",lom_text))*ISNUMBER(SEARCH("horizontal",lom_text)),4,ISNUMBER(SEARCH("360",lom_text)),5,TRUE,0),total_weighted_score,(bolt_tier*1)+(co2tt_tier*2)+(mbt_tier*3)+(lom_tier*3)+(rom_tier*1),(total_weighted_score/50)*100)) -> 52 | Q43: =IF(P43="",,IFS(P43>=93,"Ultra",P43>=80,"Great",P43>=65,"Good",P43>=50,"Fair",P43>=31,"Poor",P43>=0,"Very Poor")) -> Fair | R43: =IF(P43="",,IFS(P43>=93,"Breath Master",P43>=80,"Breathwork-Trained",P43>=65,"Functional Breather",P43>=50,"Breather-in-Training",P43>=31,"Breath Beginner",P43>=0,"Breath-Aware")) -> Breather-in-Training
A44: 45985.695 | B44: Larry | C44: Goldie | D44: larry@ncmountainguides.com | E44: Hiking/trekking in general | F44: 16 | G44: 29 | H44: 40 | I44: Zone 1 and a bit of Zone 2, Belly movement apparent | J44: 69.8 | K44: Using breath to be more efficient at keep HR lower during aerobic activities. | O44: {=IF(A44:A241="",, XLOOKUP(D44:D241, 'Recal IDs Log'!E28:E241, 'Recal IDs Log'!B28:B241, "", 0, -1))} -> #REF! | P44: =IF(A44="",,LET(bolt_score,F44,co2tt_score,G44,mbt_score,H44,lom_text,I44,rom_score,J44,bolt_tier,IFS(bolt_score<15,0,bolt_score<=19,1,bolt_score<=24,2,bolt_score<=29,3,bolt_score<=34,4,bolt_score>=35,5,TRUE,0),co2tt_tier,IFS(co2tt_score<25,0,co2tt_score<=39,1,co2tt_score<=54,2,co2tt_score<=69,3,co2tt_score<=84,4,co2tt_score>=85,5,TRUE,0),mbt_tier,IFS(mbt_score<25,0,mbt_score<=39,1,mbt_score<=54,2,mbt_score<=69,3,mbt_score<=84,4,mbt_score>=85,5,TRUE,0),rom_tier,IFS(rom_score<60,0,rom_score<=74,1,rom_score<=89,2,rom_score<=104,3,rom_score<=119,4,rom_score>=120,5,TRUE,0),lom_tier,IFS(ISNUMBER(SEARCH("zone 3 only",lom_text)),0,ISNUMBER(SEARCH("zone 3",lom_text))*ISNUMBER(SEARCH("zone 2",lom_text)),1,ISNUMBER(SEARCH("zone 2",lom_text))*NOT(ISNUMBER(SEARCH("zone 1",lom_text)))*NOT(ISNUMBER(SEARCH("zone 3",lom_text))),2,ISNUMBER(SEARCH("zone 1",lom_text))*ISNUMBER(SEARCH("zone 2",lom_text)),3,ISNUMBER(SEARCH("zone 1",lom_text))*ISNUMBER(SEARCH("horizontal",lom_text)),4,ISNUMBER(SEARCH("360",lom_text)),5,TRUE,0),total_weighted_score,(bolt_tier*1)+(co2tt_tier*2)+(mbt_tier*3)+(lom_tier*3)+(rom_tier*1),(total_weighted_score/50)*100)) -> 38 | Q44: =IF(P44="",,IFS(P44>=93,"Ultra",P44>=80,"Great",P44>=65,"Good",P44>=50,"Fair",P44>=31,"Poor",P44>=0,"Very Poor")) -> Poor | R44: =IF(P44="",,IFS(P44>=93,"Breath Master",P44>=80,"Breathwork-Trained",P44>=65,"Functional Breather",P44>=50,"Breather-in-Training",P44>=31,"Breath Beginner",P44>=0,"Breath-Aware")) -> Breath Beginner
A45: 45989.961 | B45: Thomas | C45: Roman | D45: thomroman@gmail.com | E45: Hiking/trekking in general | F45: 18 | G45: 30 | H45: 32 | I45: Zone 1 and 360° circumferential movement | J45: 55.6 | K45: I'm 71 YEARS OLD. Have mild copd. Plan on hiking parts of the Dolomites next year. | O45: {=IF(A45:A241="",, XLOOKUP(D45:D241, 'Recal IDs Log'!E29:E241, 'Recal IDs Log'!B29:B241, "", 0, -1))} -> #REF! | P45: =IF(A45="",,LET(bolt_score,F45,co2tt_score,G45,mbt_score,H45,lom_text,I45,rom_score,J45,bolt_tier,IFS(bolt_score<15,0,bolt_score<=19,1,bolt_score<=24,2,bolt_score<=29,3,bolt_score<=34,4,bolt_score>=35,5,TRUE,0),co2tt_tier,IFS(co2tt_score<25,0,co2tt_score<=39,1,co2tt_score<=54,2,co2tt_score<=69,3,co2tt_score<=84,4,co2tt_score>=85,5,TRUE,0),mbt_tier,IFS(mbt_score<25,0,mbt_score<=39,1,mbt_score<=54,2,mbt_score<=69,3,mbt_score<=84,4,mbt_score>=85,5,TRUE,0),rom_tier,IFS(rom_score<60,0,rom_score<=74,1,rom_score<=89,2,rom_score<=104,3,rom_score<=119,4,rom_score>=120,5,TRUE,0),lom_tier,IFS(ISNUMBER(SEARCH("zone 3 only",lom_text)),0,ISNUMBER(SEARCH("zone 3",lom_text))*ISNUMBER(SEARCH("zone 2",lom_text)),1,ISNUMBER(SEARCH("zone 2",lom_text))*NOT(ISNUMBER(SEARCH("zone 1",lom_text)))*NOT(ISNUMBER(SEARCH("zone 3",lom_text))),2,ISNUMBER(SEARCH("zone 1",lom_text))*ISNUMBER(SEARCH("zone 2",lom_text)),3,ISNUMBER(SEARCH("zone 1",lom_text))*ISNUMBER(SEARCH("horizontal",lom_text)),4,ISNUMBER(SEARCH("360",lom_text)),5,TRUE,0),total_weighted_score,(bolt_tier*1)+(co2tt_tier*2)+(mbt_tier*3)+(lom_tier*3)+(rom_tier*1),(total_weighted_score/50)*100)) -> 42 | Q45: =IF(P45="",,IFS(P45>=93,"Ultra",P45>=80,"Great",P45>=65,"Good",P45>=50,"Fair",P45>=31,"Poor",P45>=0,"Very Poor")) -> Poor | R45: =IF(P45="",,IFS(P45>=93,"Breath Master",P45>=80,"Breathwork-Trained",P45>=65,"Functional Breather",P45>=50,"Breather-in-Training",P45>=31,"Breath Beginner",P45>=0,"Breath-Aware")) -> Breath Beginner
A46: 45992.521 | B46: Adam | C46: Beardsworth | D46: beards001@gmail.com | E46: Climb a high altitude mountain | F46: 24 | G46: 37 | H46: 70 | I46: Zone 1, horizontal movement, shoulders = no movement | J46: 117.6 | O46: {=IF(A46:A241="",, XLOOKUP(D46:D241, 'Recal IDs Log'!E30:E241, 'Recal IDs Log'!B30:B241, "", 0, -1))} -> #REF! | P46: =IF(A46="",,LET(bolt_score,F46,co2tt_score,G46,mbt_score,H46,lom_text,I46,rom_score,J46,bolt_tier,IFS(bolt_score<15,0,bolt_score<=19,1,bolt_score<=24,2,bolt_score<=29,3,bolt_score<=34,4,bolt_score>=35,5,TRUE,0),co2tt_tier,IFS(co2tt_score<25,0,co2tt_score<=39,1,co2tt_score<=54,2,co2tt_score<=69,3,co2tt_score<=84,4,co2tt_score>=85,5,TRUE,0),mbt_tier,IFS(mbt_score<25,0,mbt_score<=39,1,mbt_score<=54,2,mbt_score<=69,3,mbt_score<=84,4,mbt_score>=85,5,TRUE,0),rom_tier,IFS(rom_score<60,0,rom_score<=74,1,rom_score<=89,2,rom_score<=104,3,rom_score<=119,4,rom_score>=120,5,TRUE,0),lom_tier,IFS(ISNUMBER(SEARCH("zone 3 only",lom_text)),0,ISNUMBER(SEARCH("zone 3",lom_text))*ISNUMBER(SEARCH("zone 2",lom_text)),1,ISNUMBER(SEARCH("zone 2",lom_text))*NOT(ISNUMBER(SEARCH("zone 1",lom_text)))*NOT(ISNUMBER(SEARCH("zone 3",lom_text))),2,ISNUMBER(SEARCH("zone 1",lom_text))*ISNUMBER(SEARCH("zone 2",lom_text)),3,ISNUMBER(SEARCH("zone 1",lom_text))*ISNUMBER(SEARCH("horizontal",lom_text)),4,ISNUMBER(SEARCH("360",lom_text)),5,TRUE,0),total_weighted_score,(bolt_tier*1)+(co2tt_tier*2)+(mbt_tier*3)+(lom_tier*3)+(rom_tier*1),(total_weighted_score/50)*100)) -> 64 | Q46: =IF(P46="",,IFS(P46>=93,"Ultra",P46>=80,"Great",P46>=65,"Good",P46>=50,"Fair",P46>=31,"Poor",P46>=0,"Very Poor")) -> Fair | R46: =IF(P46="",,IFS(P46>=93,"Breath Master",P46>=80,"Breathwork-Trained",P46>=65,"Functional Breather",P46>=50,"Breather-in-Training",P46>=31,"Breath Beginner",P46>=0,"Breath-Aware")) -> Breather-in-Training
A47: 45992.941 | B47: liza | C47: provenzano | D47: liza@sparkworksleadership.ca | E47: Climb a high altitude mountain | F47: 9 | G47: 21 | H47: 35 | I47: Zone 2 | J47: 29.4 | O47: {=IF(A47:A241="",, XLOOKUP(D47:D241, 'Recal IDs Log'!E31:E241, 'Recal IDs Log'!B31:B241, "", 0, -1))} -> #REF! | P47: =IF(A47="",,LET(bolt_score,F47,co2tt_score,G47,mbt_score,H47,lom_text,I47,rom_score,J47,bolt_tier,IFS(bolt_score<15,0,bolt_score<=19,1,bolt_score<=24,2,bolt_score<=29,3,bolt_score<=34,4,bolt_score>=35,5,TRUE,0),co2tt_tier,IFS(co2tt_score<25,0,co2tt_score<=39,1,co2tt_score<=54,2,co2tt_score<=69,3,co2tt_score<=84,4,co2tt_score>=85,5,TRUE,0),mbt_tier,IFS(mbt_score<25,0,mbt_score<=39,1,mbt_score<=54,2,mbt_score<=69,3,mbt_score<=84,4,mbt_score>=85,5,TRUE,0),rom_tier,IFS(rom_score<60,0,rom_score<=74,1,rom_score<=89,2,rom_score<=104,3,rom_score<=119,4,rom_score>=120,5,TRUE,0),lom_tier,IFS(ISNUMBER(SEARCH("zone 3 only",lom_text)),0,ISNUMBER(SEARCH("zone 3",lom_text))*ISNUMBER(SEARCH("zone 2",lom_text)),1,ISNUMBER(SEARCH("zone 2",lom_text))*NOT(ISNUMBER(SEARCH("zone 1",lom_text)))*NOT(ISNUMBER(SEARCH("zone 3",lom_text))),2,ISNUMBER(SEARCH("zone 1",lom_text))*ISNUMBER(SEARCH("zone 2",lom_text)),3,ISNUMBER(SEARCH("zone 1",lom_text))*ISNUMBER(SEARCH("horizontal",lom_text)),4,ISNUMBER(SEARCH("360",lom_text)),5,TRUE,0),total_weighted_score,(bolt_tier*1)+(co2tt_tier*2)+(mbt_tier*3)+(lom_tier*3)+(rom_tier*1),(total_weighted_score/50)*100)) -> 18 | Q47: =IF(P47="",,IFS(P47>=93,"Ultra",P47>=80,"Great",P47>=65,"Good",P47>=50,"Fair",P47>=31,"Poor",P47>=0,"Very Poor")) -> Very Poor | R47: =IF(P47="",,IFS(P47>=93,"Breath Master",P47>=80,"Breathwork-Trained",P47>=65,"Functional Breather",P47>=50,"Breather-in-Training",P47>=31,"Breath Beginner",P47>=0,"Breath-Aware")) -> Breath-Aware
A48: 45995.869 | B48: Jarmila | C48: Patlejchova | D48: jpatlejch@yahoo.com | E48: Climb a high altitude mountain | F48: 25 | G48: 54 | H48: 52 | I48: Zone 1 and 360° circumferential movement | J48: 46.875 | K48: Aconcagua in January | O48: {=IF(A48:A241="",, XLOOKUP(D48:D241, 'Recal IDs Log'!E32:E241, 'Recal IDs Log'!B32:B241, "", 0, -1))} -> #REF! | P48: =IF(A48="",,LET(bolt_score,F48,co2tt_score,G48,mbt_score,H48,lom_text,I48,rom_score,J48,bolt_tier,IFS(bolt_score<15,0,bolt_score<=19,1,bolt_score<=24,2,bolt_score<=29,3,bolt_score<=34,4,bolt_score>=35,5,TRUE,0),co2tt_tier,IFS(co2tt_score<25,0,co2tt_score<=39,1,co2tt_score<=54,2,co2tt_score<=69,3,co2tt_score<=84,4,co2tt_score>=85,5,TRUE,0),mbt_tier,IFS(mbt_score<25,0,mbt_score<=39,1,mbt_score<=54,2,mbt_score<=69,3,mbt_score<=84,4,mbt_score>=85,5,TRUE,0),rom_tier,IFS(rom_score<60,0,rom_score<=74,1,rom_score<=89,2,rom_score<=104,3,rom_score<=119,4,rom_score>=120,5,TRUE,0),lom_tier,IFS(ISNUMBER(SEARCH("zone 3 only",lom_text)),0,ISNUMBER(SEARCH("zone 3",lom_text))*ISNUMBER(SEARCH("zone 2",lom_text)),1,ISNUMBER(SEARCH("zone 2",lom_text))*NOT(ISNUMBER(SEARCH("zone 1",lom_text)))*NOT(ISNUMBER(SEARCH("zone 3",lom_text))),2,ISNUMBER(SEARCH("zone 1",lom_text))*ISNUMBER(SEARCH("zone 2",lom_text)),3,ISNUMBER(SEARCH("zone 1",lom_text))*ISNUMBER(SEARCH("horizontal",lom_text)),4,ISNUMBER(SEARCH("360",lom_text)),5,TRUE,0),total_weighted_score,(bolt_tier*1)+(co2tt_tier*2)+(mbt_tier*3)+(lom_tier*3)+(rom_tier*1),(total_weighted_score/50)*100)) -> 56 | Q48: =IF(P48="",,IFS(P48>=93,"Ultra",P48>=80,"Great",P48>=65,"Good",P48>=50,"Fair",P48>=31,"Poor",P48>=0,"Very Poor")) -> Fair | R48: =IF(P48="",,IFS(P48>=93,"Breath Master",P48>=80,"Breathwork-Trained",P48>=65,"Functional Breather",P48>=50,"Breather-in-Training",P48>=31,"Breath Beginner",P48>=0,"Breath-Aware")) -> Breather-in-Training
A49: 45996.838 | B49: Jacques | C49: Chirazi | D49: jchirazi@gmail.com | E49: Climb a high altitude mountain | F49: 16 | G49: 41 | H49: 36 | I49: Zone 1 and a bit of Zone 2, belly movement apparent | J49: 127.7 | K49: Aconcagua in Feb 2026 | O49: {=IF(A49:A241="",, XLOOKUP(D49:D241, 'Recal IDs Log'!E33:E241, 'Recal IDs Log'!B33:B241, "", 0, -1))} -> #REF! | P49: =IF(A49="",,LET(bolt_score,F49,co2tt_score,G49,mbt_score,H49,lom_text,I49,rom_score,J49,bolt_tier,IFS(bolt_score<15,0,bolt_score<=19,1,bolt_score<=24,2,bolt_score<=29,3,bolt_score<=34,4,bolt_score>=35,5,TRUE,0),co2tt_tier,IFS(co2tt_score<25,0,co2tt_score<=39,1,co2tt_score<=54,2,co2tt_score<=69,3,co2tt_score<=84,4,co2tt_score>=85,5,TRUE,0),mbt_tier,IFS(mbt_score<25,0,mbt_score<=39,1,mbt_score<=54,2,mbt_score<=69,3,mbt_score<=84,4,mbt_score>=85,5,TRUE,0),rom_tier,IFS(rom_score<60,0,rom_score<=74,1,rom_score<=89,2,rom_score<=104,3,rom_score<=119,4,rom_score>=120,5,TRUE,0),lom_tier,IFS(ISNUMBER(SEARCH("zone 3 only",lom_text)),0,ISNUMBER(SEARCH("zone 3",lom_text))*ISNUMBER(SEARCH("zone 2",lom_text)),1,ISNUMBER(SEARCH("zone 2",lom_text))*NOT(ISNUMBER(SEARCH("zone 1",lom_text)))*NOT(ISNUMBER(SEARCH("zone 3",lom_text))),2,ISNUMBER(SEARCH("zone 1",lom_text))*ISNUMBER(SEARCH("zone 2",lom_text)),3,ISNUMBER(SEARCH("zone 1",lom_text))*ISNUMBER(SEARCH("horizontal",lom_text)),4,ISNUMBER(SEARCH("360",lom_text)),5,TRUE,0),total_weighted_score,(bolt_tier*1)+(co2tt_tier*2)+(mbt_tier*3)+(lom_tier*3)+(rom_tier*1),(total_weighted_score/50)*100)) -> 44 | Q49: =IF(P49="",,IFS(P49>=93,"Ultra",P49>=80,"Great",P49>=65,"Good",P49>=50,"Fair",P49>=31,"Poor",P49>=0,"Very Poor")) -> Poor | R49: =IF(P49="",,IFS(P49>=93,"Breath Master",P49>=80,"Breathwork-Trained",P49>=65,"Functional Breather",P49>=50,"Breather-in-Training",P49>=31,"Breath Beginner",P49>=0,"Breath-Aware")) -> Breath Beginner
A50: 45997.932 | B50: Maggie | C50: Kirchhoff | D50: maggiekirchhoff@gmail.com | E50: Climb a high altitude mountain | F50: 21 | G50: 33 | H50: 52 | I50: Zone 3 only, Vertical movement | J50: 53.57 | K50: Aconcagua | O50: {=IF(A50:A241="",, XLOOKUP(D50:D241, 'Recal IDs Log'!E34:E241, 'Recal IDs Log'!B34:B241, "", 0, -1))} -> #REF! | P50: =IF(A50="",,LET(bolt_score,F50,co2tt_score,G50,mbt_score,H50,lom_text,I50,rom_score,J50,bolt_tier,IFS(bolt_score<15,0,bolt_score<=19,1,bolt_score<=24,2,bolt_score<=29,3,bolt_score<=34,4,bolt_score>=35,5,TRUE,0),co2tt_tier,IFS(co2tt_score<25,0,co2tt_score<=39,1,co2tt_score<=54,2,co2tt_score<=69,3,co2tt_score<=84,4,co2tt_score>=85,5,TRUE,0),mbt_tier,IFS(mbt_score<25,0,mbt_score<=39,1,mbt_score<=54,2,mbt_score<=69,3,mbt_score<=84,4,mbt_score>=85,5,TRUE,0),rom_tier,IFS(rom_score<60,0,rom_score<=74,1,rom_score<=89,2,rom_score<=104,3,rom_score<=119,4,rom_score>=120,5,TRUE,0),lom_tier,IFS(ISNUMBER(SEARCH("zone 3 only",lom_text)),0,ISNUMBER(SEARCH("zone 3",lom_text))*ISNUMBER(SEARCH("zone 2",lom_text)),1,ISNUMBER(SEARCH("zone 2",lom_text))*NOT(ISNUMBER(SEARCH("zone 1",lom_text)))*NOT(ISNUMBER(SEARCH("zone 3",lom_text))),2,ISNUMBER(SEARCH("zone 1",lom_text))*ISNUMBER(SEARCH("zone 2",lom_text)),3,ISNUMBER(SEARCH("zone 1",lom_text))*ISNUMBER(SEARCH("horizontal",lom_text)),4,ISNUMBER(SEARCH("360",lom_text)),5,TRUE,0),total_weighted_score,(bolt_tier*1)+(co2tt_tier*2)+(mbt_tier*3)+(lom_tier*3)+(rom_tier*1),(total_weighted_score/50)*100)) -> 20 | Q50: =IF(P50="",,IFS(P50>=93,"Ultra",P50>=80,"Great",P50>=65,"Good",P50>=50,"Fair",P50>=31,"Poor",P50>=0,"Very Poor")) -> Very Poor | R50: =IF(P50="",,IFS(P50>=93,"Breath Master",P50>=80,"Breathwork-Trained",P50>=65,"Functional Breather",P50>=50,"Breather-in-Training",P50>=31,"Breath Beginner",P50>=0,"Breath-Aware")) -> Breath-Aware
A51: 46000.809 | B51: Michael | C51: Spiteller | D51: spiteller.michael@gmail.com | E51: Climb a high altitude mountain | F51: 25 | G51: 52 | H51: 55 | I51: Zone 1, horizontal movement, shoulders = no movement | J51: 75.3 | K51: Hike in Nepal above 6500 meter | O51: {=IF(A51:A241="",, XLOOKUP(D51:D241, 'Recal IDs Log'!E35:E241, 'Recal IDs Log'!B35:B241, "", 0, -1))} -> #REF! | P51: =IF(A51="",,LET(bolt_score,F51,co2tt_score,G51,mbt_score,H51,lom_text,I51,rom_score,J51,bolt_tier,IFS(bolt_score<15,0,bolt_score<=19,1,bolt_score<=24,2,bolt_score<=29,3,bolt_score<=34,4,bolt_score>=35,5,TRUE,0),co2tt_tier,IFS(co2tt_score<25,0,co2tt_score<=39,1,co2tt_score<=54,2,co2tt_score<=69,3,co2tt_score<=84,4,co2tt_score>=85,5,TRUE,0),mbt_tier,IFS(mbt_score<25,0,mbt_score<=39,1,mbt_score<=54,2,mbt_score<=69,3,mbt_score<=84,4,mbt_score>=85,5,TRUE,0),rom_tier,IFS(rom_score<60,0,rom_score<=74,1,rom_score<=89,2,rom_score<=104,3,rom_score<=119,4,rom_score>=120,5,TRUE,0),lom_tier,IFS(ISNUMBER(SEARCH("zone 3 only",lom_text)),0,ISNUMBER(SEARCH("zone 3",lom_text))*ISNUMBER(SEARCH("zone 2",lom_text)),1,ISNUMBER(SEARCH("zone 2",lom_text))*NOT(ISNUMBER(SEARCH("zone 1",lom_text)))*NOT(ISNUMBER(SEARCH("zone 3",lom_text))),2,ISNUMBER(SEARCH("zone 1",lom_text))*ISNUMBER(SEARCH("zone 2",lom_text)),3,ISNUMBER(SEARCH("zone 1",lom_text))*ISNUMBER(SEARCH("horizontal",lom_text)),4,ISNUMBER(SEARCH("360",lom_text)),5,TRUE,0),total_weighted_score,(bolt_tier*1)+(co2tt_tier*2)+(mbt_tier*3)+(lom_tier*3)+(rom_tier*1),(total_weighted_score/50)*100)) -> 60 | Q51: =IF(P51="",,IFS(P51>=93,"Ultra",P51>=80,"Great",P51>=65,"Good",P51>=50,"Fair",P51>=31,"Poor",P51>=0,"Very Poor")) -> Fair | R51: =IF(P51="",,IFS(P51>=93,"Breath Master",P51>=80,"Breathwork-Trained",P51>=65,"Functional Breather",P51>=50,"Breather-in-Training",P51>=31,"Breath Beginner",P51>=0,"Breath-Aware")) -> Breather-in-Training
A52: 46001.055 | B52: allen | C52: krabill | D52: lifeartistproject@gmail.com | E52: Hiking/trekking in general | F52: 16 | G52: 32 | H52: 51 | I52: Zone 1 and a bit of Zone 2, belly movement apparent | K52: general fitness | O52: {=IF(A52:A241="",, XLOOKUP(D52:D241, 'Recal IDs Log'!E36:E241, 'Recal IDs Log'!B36:B241, "", 0, -1))} -> #REF! | P52: =IF(A52="",,LET(bolt_score,F52,co2tt_score,G52,mbt_score,H52,lom_text,I52,rom_score,J52,bolt_tier,IFS(bolt_score<15,0,bolt_score<=19,1,bolt_score<=24,2,bolt_score<=29,3,bolt_score<=34,4,bolt_score>=35,5,TRUE,0),co2tt_tier,IFS(co2tt_score<25,0,co2tt_score<=39,1,co2tt_score<=54,2,co2tt_score<=69,3,co2tt_score<=84,4,co2tt_score>=85,5,TRUE,0),mbt_tier,IFS(mbt_score<25,0,mbt_score<=39,1,mbt_score<=54,2,mbt_score<=69,3,mbt_score<=84,4,mbt_score>=85,5,TRUE,0),rom_tier,IFS(rom_score<60,0,rom_score<=74,1,rom_score<=89,2,rom_score<=104,3,rom_score<=119,4,rom_score>=120,5,TRUE,0),lom_tier,IFS(ISNUMBER(SEARCH("zone 3 only",lom_text)),0,ISNUMBER(SEARCH("zone 3",lom_text))*ISNUMBER(SEARCH("zone 2",lom_text)),1,ISNUMBER(SEARCH("zone 2",lom_text))*NOT(ISNUMBER(SEARCH("zone 1",lom_text)))*NOT(ISNUMBER(SEARCH("zone 3",lom_text))),2,ISNUMBER(SEARCH("zone 1",lom_text))*ISNUMBER(SEARCH("zone 2",lom_text)),3,ISNUMBER(SEARCH("zone 1",lom_text))*ISNUMBER(SEARCH("horizontal",lom_text)),4,ISNUMBER(SEARCH("360",lom_text)),5,TRUE,0),total_weighted_score,(bolt_tier*1)+(co2tt_tier*2)+(mbt_tier*3)+(lom_tier*3)+(rom_tier*1),(total_weighted_score/50)*100)) -> 36 | Q52: =IF(P52="",,IFS(P52>=93,"Ultra",P52>=80,"Great",P52>=65,"Good",P52>=50,"Fair",P52>=31,"Poor",P52>=0,"Very Poor")) -> Poor | R52: =IF(P52="",,IFS(P52>=93,"Breath Master",P52>=80,"Breathwork-Trained",P52>=65,"Functional Breather",P52>=50,"Breather-in-Training",P52>=31,"Breath Beginner",P52>=0,"Breath-Aware")) -> Breath Beginner
A53: 46001.087 | B53: Jana | C53: Yuen | D53: anajay1983@outlook.com | E53: Hiking/trekking in general | F53: 32 | G53: 77 | H53: 53 | I53: Zone 2 | J53: 103.4 | K53: Druk Path / Snowman’s Trail - Bhutan | O53: {=IF(A53:A241="",, XLOOKUP(D53:D241, 'Recal IDs Log'!E37:E241, 'Recal IDs Log'!B37:B241, "", 0, -1))} -> #REF! | P53: =IF(A53="",,LET(bolt_score,F53,co2tt_score,G53,mbt_score,H53,lom_text,I53,rom_score,J53,bolt_tier,IFS(bolt_score<15,0,bolt_score<=19,1,bolt_score<=24,2,bolt_score<=29,3,bolt_score<=34,4,bolt_score>=35,5,TRUE,0),co2tt_tier,IFS(co2tt_score<25,0,co2tt_score<=39,1,co2tt_score<=54,2,co2tt_score<=69,3,co2tt_score<=84,4,co2tt_score>=85,5,TRUE,0),mbt_tier,IFS(mbt_score<25,0,mbt_score<=39,1,mbt_score<=54,2,mbt_score<=69,3,mbt_score<=84,4,mbt_score>=85,5,TRUE,0),rom_tier,IFS(rom_score<60,0,rom_score<=74,1,rom_score<=89,2,rom_score<=104,3,rom_score<=119,4,rom_score>=120,5,TRUE,0),lom_tier,IFS(ISNUMBER(SEARCH("zone 3 only",lom_text)),0,ISNUMBER(SEARCH("zone 3",lom_text))*ISNUMBER(SEARCH("zone 2",lom_text)),1,ISNUMBER(SEARCH("zone 2",lom_text))*NOT(ISNUMBER(SEARCH("zone 1",lom_text)))*NOT(ISNUMBER(SEARCH("zone 3",lom_text))),2,ISNUMBER(SEARCH("zone 1",lom_text))*ISNUMBER(SEARCH("zone 2",lom_text)),3,ISNUMBER(SEARCH("zone 1",lom_text))*ISNUMBER(SEARCH("horizontal",lom_text)),4,ISNUMBER(SEARCH("360",lom_text)),5,TRUE,0),total_weighted_score,(bolt_tier*1)+(co2tt_tier*2)+(mbt_tier*3)+(lom_tier*3)+(rom_tier*1),(total_weighted_score/50)*100)) -> 54 | Q53: =IF(P53="",,IFS(P53>=93,"Ultra",P53>=80,"Great",P53>=65,"Good",P53>=50,"Fair",P53>=31,"Poor",P53>=0,"Very Poor")) -> Fair | R53: =IF(P53="",,IFS(P53>=93,"Breath Master",P53>=80,"Breathwork-Trained",P53>=65,"Functional Breather",P53>=50,"Breather-in-Training",P53>=31,"Breath Beginner",P53>=0,"Breath-Aware")) -> Breather-in-Training
A54: 46002.219 | B54: Tite | C54: togni | D54: titetogni@gmail.com | E54: Climb a high altitude mountain | F54: 30 | G54: 70 | H54: 65 | I54: Zone 1 and a bit of Zone 2, belly movement apparent | J54: 93.8 | O54: {=IF(A54:A241="",, XLOOKUP(D54:D241, 'Recal IDs Log'!E39:E241, 'Recal IDs Log'!B39:B241, "", 0, -1))} -> #REF! | P54: =IF(A54="",,LET(bolt_score,F54,co2tt_score,G54,mbt_score,H54,lom_text,I54,rom_score,J54,bolt_tier,IFS(bolt_score<15,0,bolt_score<=19,1,bolt_score<=24,2,bolt_score<=29,3,bolt_score<=34,4,bolt_score>=35,5,TRUE,0),co2tt_tier,IFS(co2tt_score<25,0,co2tt_score<=39,1,co2tt_score<=54,2,co2tt_score<=69,3,co2tt_score<=84,4,co2tt_score>=85,5,TRUE,0),mbt_tier,IFS(mbt_score<25,0,mbt_score<=39,1,mbt_score<=54,2,mbt_score<=69,3,mbt_score<=84,4,mbt_score>=85,5,TRUE,0),rom_tier,IFS(rom_score<60,0,rom_score<=74,1,rom_score<=89,2,rom_score<=104,3,rom_score<=119,4,rom_score>=120,5,TRUE,0),lom_tier,IFS(ISNUMBER(SEARCH("zone 3 only",lom_text)),0,ISNUMBER(SEARCH("zone 3",lom_text))*ISNUMBER(SEARCH("zone 2",lom_text)),1,ISNUMBER(SEARCH("zone 2",lom_text))*NOT(ISNUMBER(SEARCH("zone 1",lom_text)))*NOT(ISNUMBER(SEARCH("zone 3",lom_text))),2,ISNUMBER(SEARCH("zone 1",lom_text))*ISNUMBER(SEARCH("zone 2",lom_text)),3,ISNUMBER(SEARCH("zone 1",lom_text))*ISNUMBER(SEARCH("horizontal",lom_text)),4,ISNUMBER(SEARCH("360",lom_text)),5,TRUE,0),total_weighted_score,(bolt_tier*1)+(co2tt_tier*2)+(mbt_tier*3)+(lom_tier*3)+(rom_tier*1),(total_weighted_score/50)*100)) -> 66 | Q54: =IF(P54="",,IFS(P54>=93,"Ultra",P54>=80,"Great",P54>=65,"Good",P54>=50,"Fair",P54>=31,"Poor",P54>=0,"Very Poor")) -> Good | R54: =IF(P54="",,IFS(P54>=93,"Breath Master",P54>=80,"Breathwork-Trained",P54>=65,"Functional Breather",P54>=50,"Breather-in-Training",P54>=31,"Breath Beginner",P54>=0,"Breath-Aware")) -> Functional Breather
A55: 46001.687 | B55: Darlene | C55: Hart | D55: lightwk@gmail.com | E55: Hiking/trekking in general | F55: 19 | G55: 28 | H55: 50 | I55: Zone 1 and 360° circumferential movement | J55: 45 | K55: Build my fitness and breathing. | O55: {=IF(A55:A241="",, XLOOKUP(D55:D241, 'Recal IDs Log'!E38:E241, 'Recal IDs Log'!B38:B241, "", 0, -1))} -> #REF! | P55: =IF(A55="",,LET(bolt_score,F55,co2tt_score,G55,mbt_score,H55,lom_text,I55,rom_score,J55,bolt_tier,IFS(bolt_score<15,0,bolt_score<=19,1,bolt_score<=24,2,bolt_score<=29,3,bolt_score<=34,4,bolt_score>=35,5,TRUE,0),co2tt_tier,IFS(co2tt_score<25,0,co2tt_score<=39,1,co2tt_score<=54,2,co2tt_score<=69,3,co2tt_score<=84,4,co2tt_score>=85,5,TRUE,0),mbt_tier,IFS(mbt_score<25,0,mbt_score<=39,1,mbt_score<=54,2,mbt_score<=69,3,mbt_score<=84,4,mbt_score>=85,5,TRUE,0),rom_tier,IFS(rom_score<60,0,rom_score<=74,1,rom_score<=89,2,rom_score<=104,3,rom_score<=119,4,rom_score>=120,5,TRUE,0),lom_tier,IFS(ISNUMBER(SEARCH("zone 3 only",lom_text)),0,ISNUMBER(SEARCH("zone 3",lom_text))*ISNUMBER(SEARCH("zone 2",lom_text)),1,ISNUMBER(SEARCH("zone 2",lom_text))*NOT(ISNUMBER(SEARCH("zone 1",lom_text)))*NOT(ISNUMBER(SEARCH("zone 3",lom_text))),2,ISNUMBER(SEARCH("zone 1",lom_text))*ISNUMBER(SEARCH("zone 2",lom_text)),3,ISNUMBER(SEARCH("zone 1",lom_text))*ISNUMBER(SEARCH("horizontal",lom_text)),4,ISNUMBER(SEARCH("360",lom_text)),5,TRUE,0),total_weighted_score,(bolt_tier*1)+(co2tt_tier*2)+(mbt_tier*3)+(lom_tier*3)+(rom_tier*1),(total_weighted_score/50)*100)) -> 48 | Q55: =IF(P55="",,IFS(P55>=93,"Ultra",P55>=80,"Great",P55>=65,"Good",P55>=50,"Fair",P55>=31,"Poor",P55>=0,"Very Poor")) -> Poor | R55: =IF(P55="",,IFS(P55>=93,"Breath Master",P55>=80,"Breathwork-Trained",P55>=65,"Functional Breather",P55>=50,"Breather-in-Training",P55>=31,"Breath Beginner",P55>=0,"Breath-Aware")) -> Breath Beginner
A56: 46002.394 | B56: C | C56: Bertothy | D56: jbertothy1@comcasr.net | E56: Run a marathon (or other distance) at or near sea level | F56: 29 | G56: 50 | H56: 30 | I56: Zone 3, some Zone 2, shoulder movement apparent | J56: 142.9 | K56: Ski in a month | O56: {=IF(A56:A241="",, XLOOKUP(D56:D241, 'Recal IDs Log'!E40:E241, 'Recal IDs Log'!B40:B241, "", 0, -1))} -> #REF! | P56: =IF(A56="",,LET(bolt_score,F56,co2tt_score,G56,mbt_score,H56,lom_text,I56,rom_score,J56,bolt_tier,IFS(bolt_score<15,0,bolt_score<=19,1,bolt_score<=24,2,bolt_score<=29,3,bolt_score<=34,4,bolt_score>=35,5,TRUE,0),co2tt_tier,IFS(co2tt_score<25,0,co2tt_score<=39,1,co2tt_score<=54,2,co2tt_score<=69,3,co2tt_score<=84,4,co2tt_score>=85,5,TRUE,0),mbt_tier,IFS(mbt_score<25,0,mbt_score<=39,1,mbt_score<=54,2,mbt_score<=69,3,mbt_score<=84,4,mbt_score>=85,5,TRUE,0),rom_tier,IFS(rom_score<60,0,rom_score<=74,1,rom_score<=89,2,rom_score<=104,3,rom_score<=119,4,rom_score>=120,5,TRUE,0),lom_tier,IFS(ISNUMBER(SEARCH("zone 3 only",lom_text)),0,ISNUMBER(SEARCH("zone 3",lom_text))*ISNUMBER(SEARCH("zone 2",lom_text)),1,ISNUMBER(SEARCH("zone 2",lom_text))*NOT(ISNUMBER(SEARCH("zone 1",lom_text)))*NOT(ISNUMBER(SEARCH("zone 3",lom_text))),2,ISNUMBER(SEARCH("zone 1",lom_text))*ISNUMBER(SEARCH("zone 2",lom_text)),3,ISNUMBER(SEARCH("zone 1",lom_text))*ISNUMBER(SEARCH("horizontal",lom_text)),4,ISNUMBER(SEARCH("360",lom_text)),5,TRUE,0),total_weighted_score,(bolt_tier*1)+(co2tt_tier*2)+(mbt_tier*3)+(lom_tier*3)+(rom_tier*1),(total_weighted_score/50)*100)) -> 36 | Q56: =IF(P56="",,IFS(P56>=93,"Ultra",P56>=80,"Great",P56>=65,"Good",P56>=50,"Fair",P56>=31,"Poor",P56>=0,"Very Poor")) -> Poor | R56: =IF(P56="",,IFS(P56>=93,"Breath Master",P56>=80,"Breathwork-Trained",P56>=65,"Functional Breather",P56>=50,"Breather-in-Training",P56>=31,"Breath Beginner",P56>=0,"Breath-Aware")) -> Breath Beginner
A57: 46006.53 | B57: Matthew | C57: Cichocki | D57: cichockioutdoors@gmail.com | E57: Climb a high altitude mountain | F57: 14 | G57: 30 | H57: 23 | I57: Zone 1 and 360° circumferential movement | J57: 42.9 | O57: {=IF(A57:A241="",, XLOOKUP(D57:D241, 'Recal IDs Log'!E41:E241, 'Recal IDs Log'!B41:B241, "", 0, -1))} -> #REF! | P57: =IF(A57="",,LET(bolt_score,F57,co2tt_score,G57,mbt_score,H57,lom_text,I57,rom_score,J57,bolt_tier,IFS(bolt_score<15,0,bolt_score<=19,1,bolt_score<=24,2,bolt_score<=29,3,bolt_score<=34,4,bolt_score>=35,5,TRUE,0),co2tt_tier,IFS(co2tt_score<25,0,co2tt_score<=39,1,co2tt_score<=54,2,co2tt_score<=69,3,co2tt_score<=84,4,co2tt_score>=85,5,TRUE,0),mbt_tier,IFS(mbt_score<25,0,mbt_score<=39,1,mbt_score<=54,2,mbt_score<=69,3,mbt_score<=84,4,mbt_score>=85,5,TRUE,0),rom_tier,IFS(rom_score<60,0,rom_score<=74,1,rom_score<=89,2,rom_score<=104,3,rom_score<=119,4,rom_score>=120,5,TRUE,0),lom_tier,IFS(ISNUMBER(SEARCH("zone 3 only",lom_text)),0,ISNUMBER(SEARCH("zone 3",lom_text))*ISNUMBER(SEARCH("zone 2",lom_text)),1,ISNUMBER(SEARCH("zone 2",lom_text))*NOT(ISNUMBER(SEARCH("zone 1",lom_text)))*NOT(ISNUMBER(SEARCH("zone 3",lom_text))),2,ISNUMBER(SEARCH("zone 1",lom_text))*ISNUMBER(SEARCH("zone 2",lom_text)),3,ISNUMBER(SEARCH("zone 1",lom_text))*ISNUMBER(SEARCH("horizontal",lom_text)),4,ISNUMBER(SEARCH("360",lom_text)),5,TRUE,0),total_weighted_score,(bolt_tier*1)+(co2tt_tier*2)+(mbt_tier*3)+(lom_tier*3)+(rom_tier*1),(total_weighted_score/50)*100)) -> 34 | Q57: =IF(P57="",,IFS(P57>=93,"Ultra",P57>=80,"Great",P57>=65,"Good",P57>=50,"Fair",P57>=31,"Poor",P57>=0,"Very Poor")) -> Poor | R57: =IF(P57="",,IFS(P57>=93,"Breath Master",P57>=80,"Breathwork-Trained",P57>=65,"Functional Breather",P57>=50,"Breather-in-Training",P57>=31,"Breath Beginner",P57>=0,"Breath-Aware")) -> Breath Beginner
A58: 46010.5 | B58: Martin | C58: Kysel | D58: martin@martinkysel.com | E58: Climb a high altitude mountain | F58: 12 | G58: 28 | H58: 39 | I58: Zone 1 and a bit of Zone 2, belly movement apparent | J58: 105.8 | O58: {=IF(A58:A241="",, XLOOKUP(D58:D241, 'Recal IDs Log'!E42:E241, 'Recal IDs Log'!B42:B241, "", 0, -1))} -> #REF! | P58: =IF(A58="",,LET(bolt_score,F58,co2tt_score,G58,mbt_score,H58,lom_text,I58,rom_score,J58,bolt_tier,IFS(bolt_score<15,0,bolt_score<=19,1,bolt_score<=24,2,bolt_score<=29,3,bolt_score<=34,4,bolt_score>=35,5,TRUE,0),co2tt_tier,IFS(co2tt_score<25,0,co2tt_score<=39,1,co2tt_score<=54,2,co2tt_score<=69,3,co2tt_score<=84,4,co2tt_score>=85,5,TRUE,0),mbt_tier,IFS(mbt_score<25,0,mbt_score<=39,1,mbt_score<=54,2,mbt_score<=69,3,mbt_score<=84,4,mbt_score>=85,5,TRUE,0),rom_tier,IFS(rom_score<60,0,rom_score<=74,1,rom_score<=89,2,rom_score<=104,3,rom_score<=119,4,rom_score>=120,5,TRUE,0),lom_tier,IFS(ISNUMBER(SEARCH("zone 3 only",lom_text)),0,ISNUMBER(SEARCH("zone 3",lom_text))*ISNUMBER(SEARCH("zone 2",lom_text)),1,ISNUMBER(SEARCH("zone 2",lom_text))*NOT(ISNUMBER(SEARCH("zone 1",lom_text)))*NOT(ISNUMBER(SEARCH("zone 3",lom_text))),2,ISNUMBER(SEARCH("zone 1",lom_text))*ISNUMBER(SEARCH("zone 2",lom_text)),3,ISNUMBER(SEARCH("zone 1",lom_text))*ISNUMBER(SEARCH("horizontal",lom_text)),4,ISNUMBER(SEARCH("360",lom_text)),5,TRUE,0),total_weighted_score,(bolt_tier*1)+(co2tt_tier*2)+(mbt_tier*3)+(lom_tier*3)+(rom_tier*1),(total_weighted_score/50)*100)) -> 36 | Q58: =IF(P58="",,IFS(P58>=93,"Ultra",P58>=80,"Great",P58>=65,"Good",P58>=50,"Fair",P58>=31,"Poor",P58>=0,"Very Poor")) -> Poor | R58: =IF(P58="",,IFS(P58>=93,"Breath Master",P58>=80,"Breathwork-Trained",P58>=65,"Functional Breather",P58>=50,"Breather-in-Training",P58>=31,"Breath Beginner",P58>=0,"Breath-Aware")) -> Breath Beginner
A59: 46010.698 | B59: Renato | C59: Klimeck | D59: renato@hopkins.media | E59: Hiking/trekking in general | F59: 29 | G59: 69 | H59: 70 | I59: Zone 1 and 360° circumferential movement | J59: 105.8 | K59: Test | O59: {=IF(A59:A241="",, XLOOKUP(D59:D241, 'Recal IDs Log'!E43:E241, 'Recal IDs Log'!B43:B241, "", 0, -1))} -> #REF! | P59: =IF(A59="",,LET(bolt_score,F59,co2tt_score,G59,mbt_score,H59,lom_text,I59,rom_score,J59,bolt_tier,IFS(bolt_score<15,0,bolt_score<=19,1,bolt_score<=24,2,bolt_score<=29,3,bolt_score<=34,4,bolt_score>=35,5,TRUE,0),co2tt_tier,IFS(co2tt_score<25,0,co2tt_score<=39,1,co2tt_score<=54,2,co2tt_score<=69,3,co2tt_score<=84,4,co2tt_score>=85,5,TRUE,0),mbt_tier,IFS(mbt_score<25,0,mbt_score<=39,1,mbt_score<=54,2,mbt_score<=69,3,mbt_score<=84,4,mbt_score>=85,5,TRUE,0),rom_tier,IFS(rom_score<60,0,rom_score<=74,1,rom_score<=89,2,rom_score<=104,3,rom_score<=119,4,rom_score>=120,5,TRUE,0),lom_tier,IFS(ISNUMBER(SEARCH("zone 3 only",lom_text)),0,ISNUMBER(SEARCH("zone 3",lom_text))*ISNUMBER(SEARCH("zone 2",lom_text)),1,ISNUMBER(SEARCH("zone 2",lom_text))*NOT(ISNUMBER(SEARCH("zone 1",lom_text)))*NOT(ISNUMBER(SEARCH("zone 3",lom_text))),2,ISNUMBER(SEARCH("zone 1",lom_text))*ISNUMBER(SEARCH("zone 2",lom_text)),3,ISNUMBER(SEARCH("zone 1",lom_text))*ISNUMBER(SEARCH("horizontal",lom_text)),4,ISNUMBER(SEARCH("360",lom_text)),5,TRUE,0),total_weighted_score,(bolt_tier*1)+(co2tt_tier*2)+(mbt_tier*3)+(lom_tier*3)+(rom_tier*1),(total_weighted_score/50)*100)) -> 80 | Q59: =IF(P59="",,IFS(P59>=93,"Ultra",P59>=80,"Great",P59>=65,"Good",P59>=50,"Fair",P59>=31,"Poor",P59>=0,"Very Poor")) -> Great | R59: =IF(P59="",,IFS(P59>=93,"Breath Master",P59>=80,"Breathwork-Trained",P59>=65,"Functional Breather",P59>=50,"Breather-in-Training",P59>=31,"Breath Beginner",P59>=0,"Breath-Aware")) -> Breathwork-Trained
A60: 46010.84 | B60: Jacques | C60: Hopkins | D60: jacques@theonlinecourseguy.com | E60: Hiking/trekking in general | F60: 22 | G60: 44 | H60: 48 | I60: Zone 1, horizontal movement, shoulders = no movement | J60: 34.7 | K60: Overcome my fear of heights | O60: {=IF(A60:A241="",, XLOOKUP(D60:D241, 'Recal IDs Log'!E44:E241, 'Recal IDs Log'!B44:B241, "", 0, -1))} -> #REF! | P60: =IF(A60="",,LET(bolt_score,F60,co2tt_score,G60,mbt_score,H60,lom_text,I60,rom_score,J60,bolt_tier,IFS(bolt_score<15,0,bolt_score<=19,1,bolt_score<=24,2,bolt_score<=29,3,bolt_score<=34,4,bolt_score>=35,5,TRUE,0),co2tt_tier,IFS(co2tt_score<25,0,co2tt_score<=39,1,co2tt_score<=54,2,co2tt_score<=69,3,co2tt_score<=84,4,co2tt_score>=85,5,TRUE,0),mbt_tier,IFS(mbt_score<25,0,mbt_score<=39,1,mbt_score<=54,2,mbt_score<=69,3,mbt_score<=84,4,mbt_score>=85,5,TRUE,0),rom_tier,IFS(rom_score<60,0,rom_score<=74,1,rom_score<=89,2,rom_score<=104,3,rom_score<=119,4,rom_score>=120,5,TRUE,0),lom_tier,IFS(ISNUMBER(SEARCH("zone 3 only",lom_text)),0,ISNUMBER(SEARCH("zone 3",lom_text))*ISNUMBER(SEARCH("zone 2",lom_text)),1,ISNUMBER(SEARCH("zone 2",lom_text))*NOT(ISNUMBER(SEARCH("zone 1",lom_text)))*NOT(ISNUMBER(SEARCH("zone 3",lom_text))),2,ISNUMBER(SEARCH("zone 1",lom_text))*ISNUMBER(SEARCH("zone 2",lom_text)),3,ISNUMBER(SEARCH("zone 1",lom_text))*ISNUMBER(SEARCH("horizontal",lom_text)),4,ISNUMBER(SEARCH("360",lom_text)),5,TRUE,0),total_weighted_score,(bolt_tier*1)+(co2tt_tier*2)+(mbt_tier*3)+(lom_tier*3)+(rom_tier*1),(total_weighted_score/50)*100)) -> 48 | Q60: =IF(P60="",,IFS(P60>=93,"Ultra",P60>=80,"Great",P60>=65,"Good",P60>=50,"Fair",P60>=31,"Poor",P60>=0,"Very Poor")) -> Poor | R60: =IF(P60="",,IFS(P60>=93,"Breath Master",P60>=80,"Breathwork-Trained",P60>=65,"Functional Breather",P60>=50,"Breather-in-Training",P60>=31,"Breath Beginner",P60>=0,"Breath-Aware")) -> Breath Beginner
A61: 46011.97 | B61: Agnes | C61: Bureau | D61: agbu0838@gmail.com | E61: Climb a high altitude mountain | F61: 33 | G61: 54 | H61: 43 | I61: Zone 1 and a bit of Zone 2, belly movement apparent | K61: Everest summit | O61: {=IF(A61:A241="",, XLOOKUP(D61:D241, 'Recal IDs Log'!E45:E241, 'Recal IDs Log'!B45:B241, "", 0, -1))} -> #REF! | P61: =IF(A61="",,LET(bolt_score,F61,co2tt_score,G61,mbt_score,H61,lom_text,I61,rom_score,J61,bolt_tier,IFS(bolt_score<15,0,bolt_score<=19,1,bolt_score<=24,2,bolt_score<=29,3,bolt_score<=34,4,bolt_score>=35,5,TRUE,0),co2tt_tier,IFS(co2tt_score<25,0,co2tt_score<=39,1,co2tt_score<=54,2,co2tt_score<=69,3,co2tt_score<=84,4,co2tt_score>=85,5,TRUE,0),mbt_tier,IFS(mbt_score<25,0,mbt_score<=39,1,mbt_score<=54,2,mbt_score<=69,3,mbt_score<=84,4,mbt_score>=85,5,TRUE,0),rom_tier,IFS(rom_score<60,0,rom_score<=74,1,rom_score<=89,2,rom_score<=104,3,rom_score<=119,4,rom_score>=120,5,TRUE,0),lom_tier,IFS(ISNUMBER(SEARCH("zone 3 only",lom_text)),0,ISNUMBER(SEARCH("zone 3",lom_text))*ISNUMBER(SEARCH("zone 2",lom_text)),1,ISNUMBER(SEARCH("zone 2",lom_text))*NOT(ISNUMBER(SEARCH("zone 1",lom_text)))*NOT(ISNUMBER(SEARCH("zone 3",lom_text))),2,ISNUMBER(SEARCH("zone 1",lom_text))*ISNUMBER(SEARCH("zone 2",lom_text)),3,ISNUMBER(SEARCH("zone 1",lom_text))*ISNUMBER(SEARCH("horizontal",lom_text)),4,ISNUMBER(SEARCH("360",lom_text)),5,TRUE,0),total_weighted_score,(bolt_tier*1)+(co2tt_tier*2)+(mbt_tier*3)+(lom_tier*3)+(rom_tier*1),(total_weighted_score/50)*100)) -> 46 | Q61: =IF(P61="",,IFS(P61>=93,"Ultra",P61>=80,"Great",P61>=65,"Good",P61>=50,"Fair",P61>=31,"Poor",P61>=0,"Very Poor")) -> Poor | R61: =IF(P61="",,IFS(P61>=93,"Breath Master",P61>=80,"Breathwork-Trained",P61>=65,"Functional Breather",P61>=50,"Breather-in-Training",P61>=31,"Breath Beginner",P61>=0,"Breath-Aware")) -> Breath Beginner
A62: 46020.56 | B62: Martin | C62: Kysel | D62: martin@martinkysel.com | E62: Climb a high altitude mountain | F62: 19 | G62: 34 | H62: 50 | I62: Zone 2 | J62: 105.8 | O62: {=IF(A62:A241="",, XLOOKUP(D62:D241, 'Recal IDs Log'!E46:E241, 'Recal IDs Log'!B46:B241, "", 0, -1))} -> #REF! | P62: =IF(A62="",,LET(bolt_score,F62,co2tt_score,G62,mbt_score,H62,lom_text,I62,rom_score,J62,bolt_tier,IFS(bolt_score<15,0,bolt_score<=19,1,bolt_score<=24,2,bolt_score<=29,3,bolt_score<=34,4,bolt_score>=35,5,TRUE,0),co2tt_tier,IFS(co2tt_score<25,0,co2tt_score<=39,1,co2tt_score<=54,2,co2tt_score<=69,3,co2tt_score<=84,4,co2tt_score>=85,5,TRUE,0),mbt_tier,IFS(mbt_score<25,0,mbt_score<=39,1,mbt_score<=54,2,mbt_score<=69,3,mbt_score<=84,4,mbt_score>=85,5,TRUE,0),rom_tier,IFS(rom_score<60,0,rom_score<=74,1,rom_score<=89,2,rom_score<=104,3,rom_score<=119,4,rom_score>=120,5,TRUE,0),lom_tier,IFS(ISNUMBER(SEARCH("zone 3 only",lom_text)),0,ISNUMBER(SEARCH("zone 3",lom_text))*ISNUMBER(SEARCH("zone 2",lom_text)),1,ISNUMBER(SEARCH("zone 2",lom_text))*NOT(ISNUMBER(SEARCH("zone 1",lom_text)))*NOT(ISNUMBER(SEARCH("zone 3",lom_text))),2,ISNUMBER(SEARCH("zone 1",lom_text))*ISNUMBER(SEARCH("zone 2",lom_text)),3,ISNUMBER(SEARCH("zone 1",lom_text))*ISNUMBER(SEARCH("horizontal",lom_text)),4,ISNUMBER(SEARCH("360",lom_text)),5,TRUE,0),total_weighted_score,(bolt_tier*1)+(co2tt_tier*2)+(mbt_tier*3)+(lom_tier*3)+(rom_tier*1),(total_weighted_score/50)*100)) -> 38 | Q62: =IF(P62="",,IFS(P62>=93,"Ultra",P62>=80,"Great",P62>=65,"Good",P62>=50,"Fair",P62>=31,"Poor",P62>=0,"Very Poor")) -> Poor | R62: =IF(P62="",,IFS(P62>=93,"Breath Master",P62>=80,"Breathwork-Trained",P62>=65,"Functional Breather",P62>=50,"Breather-in-Training",P62>=31,"Breath Beginner",P62>=0,"Breath-Aware")) -> Breath Beginner
A63: 46021.989 | B63: Matthew | C63: Thomas | D63: matthewthomas2009@aol.com | E63: Climb a high altitude mountain | F63: 8 | G63: 22 | H63: 20 | I63: Zone 1, horizontal movement, shoulders = no movement | J63: 39.2 | K63: Mt Elbert in Colorado in June 2026 | O63: {=IF(A63:A241="",, XLOOKUP(D63:D241, 'Recal IDs Log'!E47:E241, 'Recal IDs Log'!B47:B241, "", 0, -1))} -> #REF! | P63: =IF(A63="",,LET(bolt_score,F63,co2tt_score,G63,mbt_score,H63,lom_text,I63,rom_score,J63,bolt_tier,IFS(bolt_score<15,0,bolt_score<=19,1,bolt_score<=24,2,bolt_score<=29,3,bolt_score<=34,4,bolt_score>=35,5,TRUE,0),co2tt_tier,IFS(co2tt_score<25,0,co2tt_score<=39,1,co2tt_score<=54,2,co2tt_score<=69,3,co2tt_score<=84,4,co2tt_score>=85,5,TRUE,0),mbt_tier,IFS(mbt_score<25,0,mbt_score<=39,1,mbt_score<=54,2,mbt_score<=69,3,mbt_score<=84,4,mbt_score>=85,5,TRUE,0),rom_tier,IFS(rom_score<60,0,rom_score<=74,1,rom_score<=89,2,rom_score<=104,3,rom_score<=119,4,rom_score>=120,5,TRUE,0),lom_tier,IFS(ISNUMBER(SEARCH("zone 3 only",lom_text)),0,ISNUMBER(SEARCH("zone 3",lom_text))*ISNUMBER(SEARCH("zone 2",lom_text)),1,ISNUMBER(SEARCH("zone 2",lom_text))*NOT(ISNUMBER(SEARCH("zone 1",lom_text)))*NOT(ISNUMBER(SEARCH("zone 3",lom_text))),2,ISNUMBER(SEARCH("zone 1",lom_text))*ISNUMBER(SEARCH("zone 2",lom_text)),3,ISNUMBER(SEARCH("zone 1",lom_text))*ISNUMBER(SEARCH("horizontal",lom_text)),4,ISNUMBER(SEARCH("360",lom_text)),5,TRUE,0),total_weighted_score,(bolt_tier*1)+(co2tt_tier*2)+(mbt_tier*3)+(lom_tier*3)+(rom_tier*1),(total_weighted_score/50)*100)) -> 24 | Q63: =IF(P63="",,IFS(P63>=93,"Ultra",P63>=80,"Great",P63>=65,"Good",P63>=50,"Fair",P63>=31,"Poor",P63>=0,"Very Poor")) -> Very Poor | R63: =IF(P63="",,IFS(P63>=93,"Breath Master",P63>=80,"Breathwork-Trained",P63>=65,"Functional Breather",P63>=50,"Breather-in-Training",P63>=31,"Breath Beginner",P63>=0,"Breath-Aware")) -> Breath-Aware
A64: 46026.248 | B64: Melissa | C64: Shaw | D64: meshaw13@gmail.com | E64: Climb a high altitude mountain | F64: 14 | G64: 37 | H64: 25 | I64: Zone 3, some Zone 2, shoulder movement apparent | J64: 55.6 | K64: Kilimanjaro in August 2026 | O64: {=IF(A64:A241="",, XLOOKUP(D64:D241, 'Recal IDs Log'!E48:E241, 'Recal IDs Log'!B48:B241, "", 0, -1))} -> #REF! | P64: =IF(A64="",,LET(bolt_score,F64,co2tt_score,G64,mbt_score,H64,lom_text,I64,rom_score,J64,bolt_tier,IFS(bolt_score<15,0,bolt_score<=19,1,bolt_score<=24,2,bolt_score<=29,3,bolt_score<=34,4,bolt_score>=35,5,TRUE,0),co2tt_tier,IFS(co2tt_score<25,0,co2tt_score<=39,1,co2tt_score<=54,2,co2tt_score<=69,3,co2tt_score<=84,4,co2tt_score>=85,5,TRUE,0),mbt_tier,IFS(mbt_score<25,0,mbt_score<=39,1,mbt_score<=54,2,mbt_score<=69,3,mbt_score<=84,4,mbt_score>=85,5,TRUE,0),rom_tier,IFS(rom_score<60,0,rom_score<=74,1,rom_score<=89,2,rom_score<=104,3,rom_score<=119,4,rom_score>=120,5,TRUE,0),lom_tier,IFS(ISNUMBER(SEARCH("zone 3 only",lom_text)),0,ISNUMBER(SEARCH("zone 3",lom_text))*ISNUMBER(SEARCH("zone 2",lom_text)),1,ISNUMBER(SEARCH("zone 2",lom_text))*NOT(ISNUMBER(SEARCH("zone 1",lom_text)))*NOT(ISNUMBER(SEARCH("zone 3",lom_text))),2,ISNUMBER(SEARCH("zone 1",lom_text))*ISNUMBER(SEARCH("zone 2",lom_text)),3,ISNUMBER(SEARCH("zone 1",lom_text))*ISNUMBER(SEARCH("horizontal",lom_text)),4,ISNUMBER(SEARCH("360",lom_text)),5,TRUE,0),total_weighted_score,(bolt_tier*1)+(co2tt_tier*2)+(mbt_tier*3)+(lom_tier*3)+(rom_tier*1),(total_weighted_score/50)*100)) -> 16 | Q64: =IF(P64="",,IFS(P64>=93,"Ultra",P64>=80,"Great",P64>=65,"Good",P64>=50,"Fair",P64>=31,"Poor",P64>=0,"Very Poor")) -> Very Poor | R64: =IF(P64="",,IFS(P64>=93,"Breath Master",P64>=80,"Breathwork-Trained",P64>=65,"Functional Breather",P64>=50,"Breather-in-Training",P64>=31,"Breath Beginner",P64>=0,"Breath-Aware")) -> Breath-Aware
A65: 46027.985 | B65: TC | C65: Houston | D65: chaplain.t.houston@gmail.com | E65: Climb a high altitude mountain | F65: 11 | G65: 62 | H65: 50 | I65: Zone 1 and a bit of Zone 2, belly movement apparent | J65: 37.3 | K65: Anconcagua 2026/2027 | O65: {=IF(A65:A241="",, XLOOKUP(D65:D241, 'Recal IDs Log'!E49:E241, 'Recal IDs Log'!B49:B241, "", 0, -1))} -> #REF! | P65: =IF(A65="",,LET(bolt_score,F65,co2tt_score,G65,mbt_score,H65,lom_text,I65,rom_score,J65,bolt_tier,IFS(bolt_score<15,0,bolt_score<=19,1,bolt_score<=24,2,bolt_score<=29,3,bolt_score<=34,4,bolt_score>=35,5,TRUE,0),co2tt_tier,IFS(co2tt_score<25,0,co2tt_score<=39,1,co2tt_score<=54,2,co2tt_score<=69,3,co2tt_score<=84,4,co2tt_score>=85,5,TRUE,0),mbt_tier,IFS(mbt_score<25,0,mbt_score<=39,1,mbt_score<=54,2,mbt_score<=69,3,mbt_score<=84,4,mbt_score>=85,5,TRUE,0),rom_tier,IFS(rom_score<60,0,rom_score<=74,1,rom_score<=89,2,rom_score<=104,3,rom_score<=119,4,rom_score>=120,5,TRUE,0),lom_tier,IFS(ISNUMBER(SEARCH("zone 3 only",lom_text)),0,ISNUMBER(SEARCH("zone 3",lom_text))*ISNUMBER(SEARCH("zone 2",lom_text)),1,ISNUMBER(SEARCH("zone 2",lom_text))*NOT(ISNUMBER(SEARCH("zone 1",lom_text)))*NOT(ISNUMBER(SEARCH("zone 3",lom_text))),2,ISNUMBER(SEARCH("zone 1",lom_text))*ISNUMBER(SEARCH("zone 2",lom_text)),3,ISNUMBER(SEARCH("zone 1",lom_text))*ISNUMBER(SEARCH("horizontal",lom_text)),4,ISNUMBER(SEARCH("360",lom_text)),5,TRUE,0),total_weighted_score,(bolt_tier*1)+(co2tt_tier*2)+(mbt_tier*3)+(lom_tier*3)+(rom_tier*1),(total_weighted_score/50)*100)) -> 42 | Q65: =IF(P65="",,IFS(P65>=93,"Ultra",P65>=80,"Great",P65>=65,"Good",P65>=50,"Fair",P65>=31,"Poor",P65>=0,"Very Poor")) -> Poor | R65: =IF(P65="",,IFS(P65>=93,"Breath Master",P65>=80,"Breathwork-Trained",P65>=65,"Functional Breather",P65>=50,"Breather-in-Training",P65>=31,"Breath Beginner",P65>=0,"Breath-Aware")) -> Breath Beginner
A66: 46028.668 | B66: Adonica | C66: Wada | D66: adonicaw@gmail.com | E66: Climb a high altitude mountain | F66: 38.51 | G66: 66 | H66: 60 | I66: Zone 2 | J66: 163.9 | O66: {=IF(A66:A241="",, XLOOKUP(D66:D241, 'Recal IDs Log'!E50:E241, 'Recal IDs Log'!B50:B241, "", 0, -1))} -> #REF! | P66: =IF(A66="",,LET(bolt_score,F66,co2tt_score,G66,mbt_score,H66,lom_text,I66,rom_score,J66,bolt_tier,IFS(bolt_score<15,0,bolt_score<=19,1,bolt_score<=24,2,bolt_score<=29,3,bolt_score<=34,4,bolt_score>=35,5,TRUE,0),co2tt_tier,IFS(co2tt_score<25,0,co2tt_score<=39,1,co2tt_score<=54,2,co2tt_score<=69,3,co2tt_score<=84,4,co2tt_score>=85,5,TRUE,0),mbt_tier,IFS(mbt_score<25,0,mbt_score<=39,1,mbt_score<=54,2,mbt_score<=69,3,mbt_score<=84,4,mbt_score>=85,5,TRUE,0),rom_tier,IFS(rom_score<60,0,rom_score<=74,1,rom_score<=89,2,rom_score<=104,3,rom_score<=119,4,rom_score>=120,5,TRUE,0),lom_tier,IFS(ISNUMBER(SEARCH("zone 3 only",lom_text)),0,ISNUMBER(SEARCH("zone 3",lom_text))*ISNUMBER(SEARCH("zone 2",lom_text)),1,ISNUMBER(SEARCH("zone 2",lom_text))*NOT(ISNUMBER(SEARCH("zone 1",lom_text)))*NOT(ISNUMBER(SEARCH("zone 3",lom_text))),2,ISNUMBER(SEARCH("zone 1",lom_text))*ISNUMBER(SEARCH("zone 2",lom_text)),3,ISNUMBER(SEARCH("zone 1",lom_text))*ISNUMBER(SEARCH("horizontal",lom_text)),4,ISNUMBER(SEARCH("360",lom_text)),5,TRUE,0),total_weighted_score,(bolt_tier*1)+(co2tt_tier*2)+(mbt_tier*3)+(lom_tier*3)+(rom_tier*1),(total_weighted_score/50)*100)) -> 62 | Q66: =IF(P66="",,IFS(P66>=93,"Ultra",P66>=80,"Great",P66>=65,"Good",P66>=50,"Fair",P66>=31,"Poor",P66>=0,"Very Poor")) -> Fair | R66: =IF(P66="",,IFS(P66>=93,"Breath Master",P66>=80,"Breathwork-Trained",P66>=65,"Functional Breather",P66>=50,"Breather-in-Training",P66>=31,"Breath Beginner",P66>=0,"Breath-Aware")) -> Breather-in-Training
A67: 46029.911 | B67: claude | C67: marquis | D67: claudemarquis@gmail.com | E67: Hiking/trekking in general | F67: 14 | G67: 42 | H67: 50 | I67: Zone 1 and a bit of Zone 2, belly movement apparent | J67: 87.7 | O67: {=IF(A67:A241="",, XLOOKUP(D67:D241, 'Recal IDs Log'!E51:E241, 'Recal IDs Log'!B51:B241, "", 0, -1))} -> #REF! | P67: =IF(A67="",,LET(bolt_score,F67,co2tt_score,G67,mbt_score,H67,lom_text,I67,rom_score,J67,bolt_tier,IFS(bolt_score<15,0,bolt_score<=19,1,bolt_score<=24,2,bolt_score<=29,3,bolt_score<=34,4,bolt_score>=35,5,TRUE,0),co2tt_tier,IFS(co2tt_score<25,0,co2tt_score<=39,1,co2tt_score<=54,2,co2tt_score<=69,3,co2tt_score<=84,4,co2tt_score>=85,5,TRUE,0),mbt_tier,IFS(mbt_score<25,0,mbt_score<=39,1,mbt_score<=54,2,mbt_score<=69,3,mbt_score<=84,4,mbt_score>=85,5,TRUE,0),rom_tier,IFS(rom_score<60,0,rom_score<=74,1,rom_score<=89,2,rom_score<=104,3,rom_score<=119,4,rom_score>=120,5,TRUE,0),lom_tier,IFS(ISNUMBER(SEARCH("zone 3 only",lom_text)),0,ISNUMBER(SEARCH("zone 3",lom_text))*ISNUMBER(SEARCH("zone 2",lom_text)),1,ISNUMBER(SEARCH("zone 2",lom_text))*NOT(ISNUMBER(SEARCH("zone 1",lom_text)))*NOT(ISNUMBER(SEARCH("zone 3",lom_text))),2,ISNUMBER(SEARCH("zone 1",lom_text))*ISNUMBER(SEARCH("zone 2",lom_text)),3,ISNUMBER(SEARCH("zone 1",lom_text))*ISNUMBER(SEARCH("horizontal",lom_text)),4,ISNUMBER(SEARCH("360",lom_text)),5,TRUE,0),total_weighted_score,(bolt_tier*1)+(co2tt_tier*2)+(mbt_tier*3)+(lom_tier*3)+(rom_tier*1),(total_weighted_score/50)*100)) -> 42 | Q67: =IF(P67="",,IFS(P67>=93,"Ultra",P67>=80,"Great",P67>=65,"Good",P67>=50,"Fair",P67>=31,"Poor",P67>=0,"Very Poor")) -> Poor | R67: =IF(P67="",,IFS(P67>=93,"Breath Master",P67>=80,"Breathwork-Trained",P67>=65,"Functional Breather",P67>=50,"Breather-in-Training",P67>=31,"Breath Beginner",P67>=0,"Breath-Aware")) -> Breath Beginner
A68: 46031.741 | B68: Alex | C68: Pirnie | D68: atpirnie@gmail.com | E68: Run an ultra race at altitude | F68: 62 | G68: 57 | H68: 42 | I68: Zone 2 | J68: 85.7 | K68: My wife and I are running a 25k at altitude in Feb (2900m to3450m) | O68: {=IF(A68:A241="",, XLOOKUP(D68:D241, 'Recal IDs Log'!E52:E241, 'Recal IDs Log'!B52:B241, "", 0, -1))} -> #REF! | P68: =IF(A68="",,LET(bolt_score,F68,co2tt_score,G68,mbt_score,H68,lom_text,I68,rom_score,J68,bolt_tier,IFS(bolt_score<15,0,bolt_score<=19,1,bolt_score<=24,2,bolt_score<=29,3,bolt_score<=34,4,bolt_score>=35,5,TRUE,0),co2tt_tier,IFS(co2tt_score<25,0,co2tt_score<=39,1,co2tt_score<=54,2,co2tt_score<=69,3,co2tt_score<=84,4,co2tt_score>=85,5,TRUE,0),mbt_tier,IFS(mbt_score<25,0,mbt_score<=39,1,mbt_score<=54,2,mbt_score<=69,3,mbt_score<=84,4,mbt_score>=85,5,TRUE,0),rom_tier,IFS(rom_score<60,0,rom_score<=74,1,rom_score<=89,2,rom_score<=104,3,rom_score<=119,4,rom_score>=120,5,TRUE,0),lom_tier,IFS(ISNUMBER(SEARCH("zone 3 only",lom_text)),0,ISNUMBER(SEARCH("zone 3",lom_text))*ISNUMBER(SEARCH("zone 2",lom_text)),1,ISNUMBER(SEARCH("zone 2",lom_text))*NOT(ISNUMBER(SEARCH("zone 1",lom_text)))*NOT(ISNUMBER(SEARCH("zone 3",lom_text))),2,ISNUMBER(SEARCH("zone 1",lom_text))*ISNUMBER(SEARCH("zone 2",lom_text)),3,ISNUMBER(SEARCH("zone 1",lom_text))*ISNUMBER(SEARCH("horizontal",lom_text)),4,ISNUMBER(SEARCH("360",lom_text)),5,TRUE,0),total_weighted_score,(bolt_tier*1)+(co2tt_tier*2)+(mbt_tier*3)+(lom_tier*3)+(rom_tier*1),(total_weighted_score/50)*100)) -> 50 | Q68: =IF(P68="",,IFS(P68>=93,"Ultra",P68>=80,"Great",P68>=65,"Good",P68>=50,"Fair",P68>=31,"Poor",P68>=0,"Very Poor")) -> Fair | R68: =IF(P68="",,IFS(P68>=93,"Breath Master",P68>=80,"Breathwork-Trained",P68>=65,"Functional Breather",P68>=50,"Breather-in-Training",P68>=31,"Breath Beginner",P68>=0,"Breath-Aware")) -> Breather-in-Training
A69: 46036.718 | B69: Christopher Jermyn | D69: cmjermyn@gmail.com | E69: Climb a high altitude mountain | F69: 21 | G69: 47 | H69: 35 | I69: Zone 3, some Zone 2, shoulder movement apparent | J69: 50 | K69: Chimborazo in 4 weeks | O69: {=IF(A69:A241="",, XLOOKUP(D69:D241, 'Recal IDs Log'!E53:E241, 'Recal IDs Log'!B53:B241, "", 0, -1))} -> #REF! | P69: =IF(A69="",,LET(bolt_score,F69,co2tt_score,G69,mbt_score,H69,lom_text,I69,rom_score,J69,bolt_tier,IFS(bolt_score<15,0,bolt_score<=19,1,bolt_score<=24,2,bolt_score<=29,3,bolt_score<=34,4,bolt_score>=35,5,TRUE,0),co2tt_tier,IFS(co2tt_score<25,0,co2tt_score<=39,1,co2tt_score<=54,2,co2tt_score<=69,3,co2tt_score<=84,4,co2tt_score>=85,5,TRUE,0),mbt_tier,IFS(mbt_score<25,0,mbt_score<=39,1,mbt_score<=54,2,mbt_score<=69,3,mbt_score<=84,4,mbt_score>=85,5,TRUE,0),rom_tier,IFS(rom_score<60,0,rom_score<=74,1,rom_score<=89,2,rom_score<=104,3,rom_score<=119,4,rom_score>=120,5,TRUE,0),lom_tier,IFS(ISNUMBER(SEARCH("zone 3 only",lom_text)),0,ISNUMBER(SEARCH("zone 3",lom_text))*ISNUMBER(SEARCH("zone 2",lom_text)),1,ISNUMBER(SEARCH("zone 2",lom_text))*NOT(ISNUMBER(SEARCH("zone 1",lom_text)))*NOT(ISNUMBER(SEARCH("zone 3",lom_text))),2,ISNUMBER(SEARCH("zone 1",lom_text))*ISNUMBER(SEARCH("zone 2",lom_text)),3,ISNUMBER(SEARCH("zone 1",lom_text))*ISNUMBER(SEARCH("horizontal",lom_text)),4,ISNUMBER(SEARCH("360",lom_text)),5,TRUE,0),total_weighted_score,(bolt_tier*1)+(co2tt_tier*2)+(mbt_tier*3)+(lom_tier*3)+(rom_tier*1),(total_weighted_score/50)*100)) -> 24 | Q69: =IF(P69="",,IFS(P69>=93,"Ultra",P69>=80,"Great",P69>=65,"Good",P69>=50,"Fair",P69>=31,"Poor",P69>=0,"Very Poor")) -> Very Poor | R69: =IF(P69="",,IFS(P69>=93,"Breath Master",P69>=80,"Breathwork-Trained",P69>=65,"Functional Breather",P69>=50,"Breather-in-Training",P69>=31,"Breath Beginner",P69>=0,"Breath-Aware")) -> Breath-Aware
A70: 46037.91 | B70: Miles Lukas | D70: mileslukas@gmail.com | E70: Climb a high altitude mountain | F70: 35 | G70: 57 | H70: 61 | I70: Zone 1 and a bit of Zone 2, belly movement apparent | J70: 177.4 | O70: {=IF(A70:A241="",, XLOOKUP(D70:D241, 'Recal IDs Log'!E54:E241, 'Recal IDs Log'!B54:B241, "", 0, -1))} -> #REF! | P70: =IF(A70="",,LET(bolt_score,F70,co2tt_score,G70,mbt_score,H70,lom_text,I70,rom_score,J70,bolt_tier,IFS(bolt_score<15,0,bolt_score<=19,1,bolt_score<=24,2,bolt_score<=29,3,bolt_score<=34,4,bolt_score>=35,5,TRUE,0),co2tt_tier,IFS(co2tt_score<25,0,co2tt_score<=39,1,co2tt_score<=54,2,co2tt_score<=69,3,co2tt_score<=84,4,co2tt_score>=85,5,TRUE,0),mbt_tier,IFS(mbt_score<25,0,mbt_score<=39,1,mbt_score<=54,2,mbt_score<=69,3,mbt_score<=84,4,mbt_score>=85,5,TRUE,0),rom_tier,IFS(rom_score<60,0,rom_score<=74,1,rom_score<=89,2,rom_score<=104,3,rom_score<=119,4,rom_score>=120,5,TRUE,0),lom_tier,IFS(ISNUMBER(SEARCH("zone 3 only",lom_text)),0,ISNUMBER(SEARCH("zone 3",lom_text))*ISNUMBER(SEARCH("zone 2",lom_text)),1,ISNUMBER(SEARCH("zone 2",lom_text))*NOT(ISNUMBER(SEARCH("zone 1",lom_text)))*NOT(ISNUMBER(SEARCH("zone 3",lom_text))),2,ISNUMBER(SEARCH("zone 1",lom_text))*ISNUMBER(SEARCH("zone 2",lom_text)),3,ISNUMBER(SEARCH("zone 1",lom_text))*ISNUMBER(SEARCH("horizontal",lom_text)),4,ISNUMBER(SEARCH("360",lom_text)),5,TRUE,0),total_weighted_score,(bolt_tier*1)+(co2tt_tier*2)+(mbt_tier*3)+(lom_tier*3)+(rom_tier*1),(total_weighted_score/50)*100)) -> 68 | Q70: =IF(P70="",,IFS(P70>=93,"Ultra",P70>=80,"Great",P70>=65,"Good",P70>=50,"Fair",P70>=31,"Poor",P70>=0,"Very Poor")) -> Good | R70: =IF(P70="",,IFS(P70>=93,"Breath Master",P70>=80,"Breathwork-Trained",P70>=65,"Functional Breather",P70>=50,"Breather-in-Training",P70>=31,"Breath Beginner",P70>=0,"Breath-Aware")) -> Functional Breather
A71: 46038.112 | B71: Ilsa | D71: ilsa.jule@gmail.com | E71: Hiking/trekking in general | F71: 17 | G71: 27 | H71: 30 | I71: Zone 1, horizontal movement, shoulders = no movement | J71: 125 | K71: Honestly, this is about improving VO2 max. Thanks! | O71: {=IF(A71:A241="",, XLOOKUP(D71:D241, 'Recal IDs Log'!E55:E241, 'Recal IDs Log'!B55:B241, "", 0, -1))} -> #REF! | P71: =IF(A71="",,LET(bolt_score,F71,co2tt_score,G71,mbt_score,H71,lom_text,I71,rom_score,J71,bolt_tier,IFS(bolt_score<15,0,bolt_score<=19,1,bolt_score<=24,2,bolt_score<=29,3,bolt_score<=34,4,bolt_score>=35,5,TRUE,0),co2tt_tier,IFS(co2tt_score<25,0,co2tt_score<=39,1,co2tt_score<=54,2,co2tt_score<=69,3,co2tt_score<=84,4,co2tt_score>=85,5,TRUE,0),mbt_tier,IFS(mbt_score<25,0,mbt_score<=39,1,mbt_score<=54,2,mbt_score<=69,3,mbt_score<=84,4,mbt_score>=85,5,TRUE,0),rom_tier,IFS(rom_score<60,0,rom_score<=74,1,rom_score<=89,2,rom_score<=104,3,rom_score<=119,4,rom_score>=120,5,TRUE,0),lom_tier,IFS(ISNUMBER(SEARCH("zone 3 only",lom_text)),0,ISNUMBER(SEARCH("zone 3",lom_text))*ISNUMBER(SEARCH("zone 2",lom_text)),1,ISNUMBER(SEARCH("zone 2",lom_text))*NOT(ISNUMBER(SEARCH("zone 1",lom_text)))*NOT(ISNUMBER(SEARCH("zone 3",lom_text))),2,ISNUMBER(SEARCH("zone 1",lom_text))*ISNUMBER(SEARCH("zone 2",lom_text)),3,ISNUMBER(SEARCH("zone 1",lom_text))*ISNUMBER(SEARCH("horizontal",lom_text)),4,ISNUMBER(SEARCH("360",lom_text)),5,TRUE,0),total_weighted_score,(bolt_tier*1)+(co2tt_tier*2)+(mbt_tier*3)+(lom_tier*3)+(rom_tier*1),(total_weighted_score/50)*100)) -> 46 | Q71: =IF(P71="",,IFS(P71>=93,"Ultra",P71>=80,"Great",P71>=65,"Good",P71>=50,"Fair",P71>=31,"Poor",P71>=0,"Very Poor")) -> Poor | R71: =IF(P71="",,IFS(P71>=93,"Breath Master",P71>=80,"Breathwork-Trained",P71>=65,"Functional Breather",P71>=50,"Breather-in-Training",P71>=31,"Breath Beginner",P71>=0,"Breath-Aware")) -> Breath Beginner
A72: 46038.15 | B72: Richard Bassman | D72: richard.bassman@yahoo.com | E72: Climb a high altitude mountain | F72: 27 | G72: 68 | H72: 45 | I72: Zone 1 and a bit of Zone 2, belly movement apparent | J72: 64.9 | K72: Everest Summit, seriously. :-) | O72: {=IF(A72:A241="",, XLOOKUP(D72:D241, 'Recal IDs Log'!E56:E241, 'Recal IDs Log'!B56:B241, "", 0, -1))} -> #REF! | P72: =IF(A72="",,LET(bolt_score,F72,co2tt_score,G72,mbt_score,H72,lom_text,I72,rom_score,J72,bolt_tier,IFS(bolt_score<15,0,bolt_score<=19,1,bolt_score<=24,2,bolt_score<=29,3,bolt_score<=34,4,bolt_score>=35,5,TRUE,0),co2tt_tier,IFS(co2tt_score<25,0,co2tt_score<=39,1,co2tt_score<=54,2,co2tt_score<=69,3,co2tt_score<=84,4,co2tt_score>=85,5,TRUE,0),mbt_tier,IFS(mbt_score<25,0,mbt_score<=39,1,mbt_score<=54,2,mbt_score<=69,3,mbt_score<=84,4,mbt_score>=85,5,TRUE,0),rom_tier,IFS(rom_score<60,0,rom_score<=74,1,rom_score<=89,2,rom_score<=104,3,rom_score<=119,4,rom_score>=120,5,TRUE,0),lom_tier,IFS(ISNUMBER(SEARCH("zone 3 only",lom_text)),0,ISNUMBER(SEARCH("zone 3",lom_text))*ISNUMBER(SEARCH("zone 2",lom_text)),1,ISNUMBER(SEARCH("zone 2",lom_text))*NOT(ISNUMBER(SEARCH("zone 1",lom_text)))*NOT(ISNUMBER(SEARCH("zone 3",lom_text))),2,ISNUMBER(SEARCH("zone 1",lom_text))*ISNUMBER(SEARCH("zone 2",lom_text)),3,ISNUMBER(SEARCH("zone 1",lom_text))*ISNUMBER(SEARCH("horizontal",lom_text)),4,ISNUMBER(SEARCH("360",lom_text)),5,TRUE,0),total_weighted_score,(bolt_tier*1)+(co2tt_tier*2)+(mbt_tier*3)+(lom_tier*3)+(rom_tier*1),(total_weighted_score/50)*100)) -> 50 | Q72: =IF(P72="",,IFS(P72>=93,"Ultra",P72>=80,"Great",P72>=65,"Good",P72>=50,"Fair",P72>=31,"Poor",P72>=0,"Very Poor")) -> Fair | R72: =IF(P72="",,IFS(P72>=93,"Breath Master",P72>=80,"Breathwork-Trained",P72>=65,"Functional Breather",P72>=50,"Breather-in-Training",P72>=31,"Breath Beginner",P72>=0,"Breath-Aware")) -> Breather-in-Training
A73: 46040.594 | B73: Osvaldo Villarreal | D73: ozzg1@yahoo.com | E73: Run an ultra race at altitude | F73: 16 | G73: 39 | H73: 60 | I73: Zone 1, horizontal movement, shoulders = no movement | J73: 25 | K73: I signed up to do Leadville Marathon in June. However, I do not do well at altitude. I hiked up the Pikes Peak with some friends and it kicked my butt. I then did the Pikes Peak half marathon 2yrs later and it kicked my butt again. I was 1 1/2 mins from getting at DNF and finished at 6hrs28.5mins. I want to prepare as best I can for this epic race at altitude. Thank you, Ozzy | O73: {=IF(A73:A241="",, XLOOKUP(D73:D241, 'Recal IDs Log'!E57:E241, 'Recal IDs Log'!B57:B241, "", 0, -1))} -> #REF! | P73: =IF(A73="",,LET(bolt_score,F73,co2tt_score,G73,mbt_score,H73,lom_text,I73,rom_score,J73,bolt_tier,IFS(bolt_score<15,0,bolt_score<=19,1,bolt_score<=24,2,bolt_score<=29,3,bolt_score<=34,4,bolt_score>=35,5,TRUE,0),co2tt_tier,IFS(co2tt_score<25,0,co2tt_score<=39,1,co2tt_score<=54,2,co2tt_score<=69,3,co2tt_score<=84,4,co2tt_score>=85,5,TRUE,0),mbt_tier,IFS(mbt_score<25,0,mbt_score<=39,1,mbt_score<=54,2,mbt_score<=69,3,mbt_score<=84,4,mbt_score>=85,5,TRUE,0),rom_tier,IFS(rom_score<60,0,rom_score<=74,1,rom_score<=89,2,rom_score<=104,3,rom_score<=119,4,rom_score>=120,5,TRUE,0),lom_tier,IFS(ISNUMBER(SEARCH("zone 3 only",lom_text)),0,ISNUMBER(SEARCH("zone 3",lom_text))*ISNUMBER(SEARCH("zone 2",lom_text)),1,ISNUMBER(SEARCH("zone 2",lom_text))*NOT(ISNUMBER(SEARCH("zone 1",lom_text)))*NOT(ISNUMBER(SEARCH("zone 3",lom_text))),2,ISNUMBER(SEARCH("zone 1",lom_text))*ISNUMBER(SEARCH("zone 2",lom_text)),3,ISNUMBER(SEARCH("zone 1",lom_text))*ISNUMBER(SEARCH("horizontal",lom_text)),4,ISNUMBER(SEARCH("360",lom_text)),5,TRUE,0),total_weighted_score,(bolt_tier*1)+(co2tt_tier*2)+(mbt_tier*3)+(lom_tier*3)+(rom_tier*1),(total_weighted_score/50)*100)) -> 48 | Q73: =IF(P73="",,IFS(P73>=93,"Ultra",P73>=80,"Great",P73>=65,"Good",P73>=50,"Fair",P73>=31,"Poor",P73>=0,"Very Poor")) -> Poor | R73: =IF(P73="",,IFS(P73>=93,"Breath Master",P73>=80,"Breathwork-Trained",P73>=65,"Functional Breather",P73>=50,"Breather-in-Training",P73>=31,"Breath Beginner",P73>=0,"Breath-Aware")) -> Breath Beginner
A74: 46041.901 | B74: Glenn Wilson | D74: glennwilson500@gmail.com | E74: Climb a high altitude mountain | F74: 34 | G74: 104 | H74: 72 | I74: Zone 1 and a bit of Zone 2, belly movement apparent | J74: 62.5 | K74: Four 20,000' peaks in February. | O74: {=IF(A74:A241="",, XLOOKUP(D74:D241, 'Recal IDs Log'!E58:E241, 'Recal IDs Log'!B58:B241, "", 0, -1))} -> #REF! | P74: =IF(A74="",,LET(bolt_score,F74,co2tt_score,G74,mbt_score,H74,lom_text,I74,rom_score,J74,bolt_tier,IFS(bolt_score<15,0,bolt_score<=19,1,bolt_score<=24,2,bolt_score<=29,3,bolt_score<=34,4,bolt_score>=35,5,TRUE,0),co2tt_tier,IFS(co2tt_score<25,0,co2tt_score<=39,1,co2tt_score<=54,2,co2tt_score<=69,3,co2tt_score<=84,4,co2tt_score>=85,5,TRUE,0),mbt_tier,IFS(mbt_score<25,0,mbt_score<=39,1,mbt_score<=54,2,mbt_score<=69,3,mbt_score<=84,4,mbt_score>=85,5,TRUE,0),rom_tier,IFS(rom_score<60,0,rom_score<=74,1,rom_score<=89,2,rom_score<=104,3,rom_score<=119,4,rom_score>=120,5,TRUE,0),lom_tier,IFS(ISNUMBER(SEARCH("zone 3 only",lom_text)),0,ISNUMBER(SEARCH("zone 3",lom_text))*ISNUMBER(SEARCH("zone 2",lom_text)),1,ISNUMBER(SEARCH("zone 2",lom_text))*NOT(ISNUMBER(SEARCH("zone 1",lom_text)))*NOT(ISNUMBER(SEARCH("zone 3",lom_text))),2,ISNUMBER(SEARCH("zone 1",lom_text))*ISNUMBER(SEARCH("zone 2",lom_text)),3,ISNUMBER(SEARCH("zone 1",lom_text))*ISNUMBER(SEARCH("horizontal",lom_text)),4,ISNUMBER(SEARCH("360",lom_text)),5,TRUE,0),total_weighted_score,(bolt_tier*1)+(co2tt_tier*2)+(mbt_tier*3)+(lom_tier*3)+(rom_tier*1),(total_weighted_score/50)*100)) -> 72 | Q74: =IF(P74="",,IFS(P74>=93,"Ultra",P74>=80,"Great",P74>=65,"Good",P74>=50,"Fair",P74>=31,"Poor",P74>=0,"Very Poor")) -> Good | R74: =IF(P74="",,IFS(P74>=93,"Breath Master",P74>=80,"Breathwork-Trained",P74>=65,"Functional Breather",P74>=50,"Breather-in-Training",P74>=31,"Breath Beginner",P74>=0,"Breath-Aware")) -> Functional Breather
A75: 46047.026 | B75: Guillermina Calles | D75: guillecalles@gmail.com | E75: Climb a high altitude mountain | F75: 22 | G75: 35 | H75: 24 | I75: Zone 1 and a bit of Zone 2, belly movement apparent | J75: 27.4 | K75: Aconcagua in 2027 | O75: {=IF(A75:A241="",, XLOOKUP(D75:D241, 'Recal IDs Log'!E59:E241, 'Recal IDs Log'!B59:B241, "", 0, -1))} -> #REF! | P75: =IF(A75="",,LET(bolt_score,F75,co2tt_score,G75,mbt_score,H75,lom_text,I75,rom_score,J75,bolt_tier,IFS(bolt_score<15,0,bolt_score<=19,1,bolt_score<=24,2,bolt_score<=29,3,bolt_score<=34,4,bolt_score>=35,5,TRUE,0),co2tt_tier,IFS(co2tt_score<25,0,co2tt_score<=39,1,co2tt_score<=54,2,co2tt_score<=69,3,co2tt_score<=84,4,co2tt_score>=85,5,TRUE,0),mbt_tier,IFS(mbt_score<25,0,mbt_score<=39,1,mbt_score<=54,2,mbt_score<=69,3,mbt_score<=84,4,mbt_score>=85,5,TRUE,0),rom_tier,IFS(rom_score<60,0,rom_score<=74,1,rom_score<=89,2,rom_score<=104,3,rom_score<=119,4,rom_score>=120,5,TRUE,0),lom_tier,IFS(ISNUMBER(SEARCH("zone 3 only",lom_text)),0,ISNUMBER(SEARCH("zone 3",lom_text))*ISNUMBER(SEARCH("zone 2",lom_text)),1,ISNUMBER(SEARCH("zone 2",lom_text))*NOT(ISNUMBER(SEARCH("zone 1",lom_text)))*NOT(ISNUMBER(SEARCH("zone 3",lom_text))),2,ISNUMBER(SEARCH("zone 1",lom_text))*ISNUMBER(SEARCH("zone 2",lom_text)),3,ISNUMBER(SEARCH("zone 1",lom_text))*ISNUMBER(SEARCH("horizontal",lom_text)),4,ISNUMBER(SEARCH("360",lom_text)),5,TRUE,0),total_weighted_score,(bolt_tier*1)+(co2tt_tier*2)+(mbt_tier*3)+(lom_tier*3)+(rom_tier*1),(total_weighted_score/50)*100)) -> 26 | Q75: =IF(P75="",,IFS(P75>=93,"Ultra",P75>=80,"Great",P75>=65,"Good",P75>=50,"Fair",P75>=31,"Poor",P75>=0,"Very Poor")) -> Very Poor | R75: =IF(P75="",,IFS(P75>=93,"Breath Master",P75>=80,"Breathwork-Trained",P75>=65,"Functional Breather",P75>=50,"Breather-in-Training",P75>=31,"Breath Beginner",P75>=0,"Breath-Aware")) -> Breath-Aware
A76: 46048.016 | B76: LW | D76: lnwhite@gmail.com | E76: Hiking/trekking in general | F76: 27 | G76: 49 | H76: 47 | I76: Zone 3, some Zone 2, shoulder movement apparent | J76: 42.9 | O76: {=IF(A76:A241="",, XLOOKUP(D76:D241, 'Recal IDs Log'!E60:E241, 'Recal IDs Log'!B60:B241, "", 0, -1))} -> #REF! | P76: =IF(A76="",,LET(bolt_score,F76,co2tt_score,G76,mbt_score,H76,lom_text,I76,rom_score,J76,bolt_tier,IFS(bolt_score<15,0,bolt_score<=19,1,bolt_score<=24,2,bolt_score<=29,3,bolt_score<=34,4,bolt_score>=35,5,TRUE,0),co2tt_tier,IFS(co2tt_score<25,0,co2tt_score<=39,1,co2tt_score<=54,2,co2tt_score<=69,3,co2tt_score<=84,4,co2tt_score>=85,5,TRUE,0),mbt_tier,IFS(mbt_score<25,0,mbt_score<=39,1,mbt_score<=54,2,mbt_score<=69,3,mbt_score<=84,4,mbt_score>=85,5,TRUE,0),rom_tier,IFS(rom_score<60,0,rom_score<=74,1,rom_score<=89,2,rom_score<=104,3,rom_score<=119,4,rom_score>=120,5,TRUE,0),lom_tier,IFS(ISNUMBER(SEARCH("zone 3 only",lom_text)),0,ISNUMBER(SEARCH("zone 3",lom_text))*ISNUMBER(SEARCH("zone 2",lom_text)),1,ISNUMBER(SEARCH("zone 2",lom_text))*NOT(ISNUMBER(SEARCH("zone 1",lom_text)))*NOT(ISNUMBER(SEARCH("zone 3",lom_text))),2,ISNUMBER(SEARCH("zone 1",lom_text))*ISNUMBER(SEARCH("zone 2",lom_text)),3,ISNUMBER(SEARCH("zone 1",lom_text))*ISNUMBER(SEARCH("horizontal",lom_text)),4,ISNUMBER(SEARCH("360",lom_text)),5,TRUE,0),total_weighted_score,(bolt_tier*1)+(co2tt_tier*2)+(mbt_tier*3)+(lom_tier*3)+(rom_tier*1),(total_weighted_score/50)*100)) -> 32 | Q76: =IF(P76="",,IFS(P76>=93,"Ultra",P76>=80,"Great",P76>=65,"Good",P76>=50,"Fair",P76>=31,"Poor",P76>=0,"Very Poor")) -> Poor | R76: =IF(P76="",,IFS(P76>=93,"Breath Master",P76>=80,"Breathwork-Trained",P76>=65,"Functional Breather",P76>=50,"Breather-in-Training",P76>=31,"Breath Beginner",P76>=0,"Breath-Aware")) -> Breath Beginner
A77: 46050.867 | B77: Dai Jones | D77: daijones13@gmail.com | E77: Climb a high altitude mountain | F77: 16 | G77: 41 | H77: 48 | I77: Zone 1 and a bit of Zone 2, belly movement apparent | J77: 133.3 | K77: Ski touring up to 4,200m in April | O77: {=IF(A77:A241="",, XLOOKUP(D77:D241, 'Recal IDs Log'!E61:E241, 'Recal IDs Log'!B61:B241, "", 0, -1))} -> #REF! | P77: =IF(A77="",,LET(bolt_score,F77,co2tt_score,G77,mbt_score,H77,lom_text,I77,rom_score,J77,bolt_tier,IFS(bolt_score<15,0,bolt_score<=19,1,bolt_score<=24,2,bolt_score<=29,3,bolt_score<=34,4,bolt_score>=35,5,TRUE,0),co2tt_tier,IFS(co2tt_score<25,0,co2tt_score<=39,1,co2tt_score<=54,2,co2tt_score<=69,3,co2tt_score<=84,4,co2tt_score>=85,5,TRUE,0),mbt_tier,IFS(mbt_score<25,0,mbt_score<=39,1,mbt_score<=54,2,mbt_score<=69,3,mbt_score<=84,4,mbt_score>=85,5,TRUE,0),rom_tier,IFS(rom_score<60,0,rom_score<=74,1,rom_score<=89,2,rom_score<=104,3,rom_score<=119,4,rom_score>=120,5,TRUE,0),lom_tier,IFS(ISNUMBER(SEARCH("zone 3 only",lom_text)),0,ISNUMBER(SEARCH("zone 3",lom_text))*ISNUMBER(SEARCH("zone 2",lom_text)),1,ISNUMBER(SEARCH("zone 2",lom_text))*NOT(ISNUMBER(SEARCH("zone 1",lom_text)))*NOT(ISNUMBER(SEARCH("zone 3",lom_text))),2,ISNUMBER(SEARCH("zone 1",lom_text))*ISNUMBER(SEARCH("zone 2",lom_text)),3,ISNUMBER(SEARCH("zone 1",lom_text))*ISNUMBER(SEARCH("horizontal",lom_text)),4,ISNUMBER(SEARCH("360",lom_text)),5,TRUE,0),total_weighted_score,(bolt_tier*1)+(co2tt_tier*2)+(mbt_tier*3)+(lom_tier*3)+(rom_tier*1),(total_weighted_score/50)*100)) -> 50 | Q77: =IF(P77="",,IFS(P77>=93,"Ultra",P77>=80,"Great",P77>=65,"Good",P77>=50,"Fair",P77>=31,"Poor",P77>=0,"Very Poor")) -> Fair | R77: =IF(P77="",,IFS(P77>=93,"Breath Master",P77>=80,"Breathwork-Trained",P77>=65,"Functional Breather",P77>=50,"Breather-in-Training",P77>=31,"Breath Beginner",P77>=0,"Breath-Aware")) -> Breather-in-Training
A78: 46058.416 | B78: pvkar | D78: pvg807@gmail.com | E78: Climb a high altitude mountain | F78: 16 | G78: 75 | H78: 24 | I78: Zone 1, horizontal movement, shoulders = no movement | J78: 126.4 | K78: everest base camp | O78: {=IF(A78:A241="",, XLOOKUP(D78:D241, 'Recal IDs Log'!E62:E241, 'Recal IDs Log'!B62:B241, "", 0, -1))} -> #REF! | P78: =IF(A78="",,LET(bolt_score,F78,co2tt_score,G78,mbt_score,H78,lom_text,I78,rom_score,J78,bolt_tier,IFS(bolt_score<15,0,bolt_score<=19,1,bolt_score<=24,2,bolt_score<=29,3,bolt_score<=34,4,bolt_score>=35,5,TRUE,0),co2tt_tier,IFS(co2tt_score<25,0,co2tt_score<=39,1,co2tt_score<=54,2,co2tt_score<=69,3,co2tt_score<=84,4,co2tt_score>=85,5,TRUE,0),mbt_tier,IFS(mbt_score<25,0,mbt_score<=39,1,mbt_score<=54,2,mbt_score<=69,3,mbt_score<=84,4,mbt_score>=85,5,TRUE,0),rom_tier,IFS(rom_score<60,0,rom_score<=74,1,rom_score<=89,2,rom_score<=104,3,rom_score<=119,4,rom_score>=120,5,TRUE,0),lom_tier,IFS(ISNUMBER(SEARCH("zone 3 only",lom_text)),0,ISNUMBER(SEARCH("zone 3",lom_text))*ISNUMBER(SEARCH("zone 2",lom_text)),1,ISNUMBER(SEARCH("zone 2",lom_text))*NOT(ISNUMBER(SEARCH("zone 1",lom_text)))*NOT(ISNUMBER(SEARCH("zone 3",lom_text))),2,ISNUMBER(SEARCH("zone 1",lom_text))*ISNUMBER(SEARCH("zone 2",lom_text)),3,ISNUMBER(SEARCH("zone 1",lom_text))*ISNUMBER(SEARCH("horizontal",lom_text)),4,ISNUMBER(SEARCH("360",lom_text)),5,TRUE,0),total_weighted_score,(bolt_tier*1)+(co2tt_tier*2)+(mbt_tier*3)+(lom_tier*3)+(rom_tier*1),(total_weighted_score/50)*100)) -> 52 | Q78: =IF(P78="",,IFS(P78>=93,"Ultra",P78>=80,"Great",P78>=65,"Good",P78>=50,"Fair",P78>=31,"Poor",P78>=0,"Very Poor")) -> Fair | R78: =IF(P78="",,IFS(P78>=93,"Breath Master",P78>=80,"Breathwork-Trained",P78>=65,"Functional Breather",P78>=50,"Breather-in-Training",P78>=31,"Breath Beginner",P78>=0,"Breath-Aware")) -> Breather-in-Training
A79: 46064.849 | B79: Alexandra | D79: xandi.dec@web.de | E79: Hiking/trekking in general | F79: 9 | G79: 42 | H79: 45 | I79: Zone 1 and a bit of Zone 2, belly movement apparent | K79: beeing faster uphill in ski-mountaineering, trailrunning and hiking. I often feel like I'm keeping up okay downhill, but having a hard time uphill | L79: 4 | M79: 33 | N79: Female | O79: {=IF(A79:A241="",, XLOOKUP(D79:D241, 'Recal IDs Log'!E63:E241, 'Recal IDs Log'!B63:B241, "", 0, -1))} -> #REF! | P79: =IF(A79="",,LET(bolt_score,F79,co2tt_score,G79,mbt_score,H79,lom_text,I79,rom_score,J79,bolt_tier,IFS(bolt_score<15,0,bolt_score<=19,1,bolt_score<=24,2,bolt_score<=29,3,bolt_score<=34,4,bolt_score>=35,5,TRUE,0),co2tt_tier,IFS(co2tt_score<25,0,co2tt_score<=39,1,co2tt_score<=54,2,co2tt_score<=69,3,co2tt_score<=84,4,co2tt_score>=85,5,TRUE,0),mbt_tier,IFS(mbt_score<25,0,mbt_score<=39,1,mbt_score<=54,2,mbt_score<=69,3,mbt_score<=84,4,mbt_score>=85,5,TRUE,0),rom_tier,IFS(rom_score<60,0,rom_score<=74,1,rom_score<=89,2,rom_score<=104,3,rom_score<=119,4,rom_score>=120,5,TRUE,0),lom_tier,IFS(ISNUMBER(SEARCH("zone 3 only",lom_text)),0,ISNUMBER(SEARCH("zone 3",lom_text))*ISNUMBER(SEARCH("zone 2",lom_text)),1,ISNUMBER(SEARCH("zone 2",lom_text))*NOT(ISNUMBER(SEARCH("zone 1",lom_text)))*NOT(ISNUMBER(SEARCH("zone 3",lom_text))),2,ISNUMBER(SEARCH("zone 1",lom_text))*ISNUMBER(SEARCH("zone 2",lom_text)),3,ISNUMBER(SEARCH("zone 1",lom_text))*ISNUMBER(SEARCH("horizontal",lom_text)),4,ISNUMBER(SEARCH("360",lom_text)),5,TRUE,0),total_weighted_score,(bolt_tier*1)+(co2tt_tier*2)+(mbt_tier*3)+(lom_tier*3)+(rom_tier*1),(total_weighted_score/50)*100)) -> 38 | Q79: =IF(P79="",,IFS(P79>=93,"Ultra",P79>=80,"Great",P79>=65,"Good",P79>=50,"Fair",P79>=31,"Poor",P79>=0,"Very Poor")) -> Poor | R79: =IF(P79="",,IFS(P79>=93,"Breath Master",P79>=80,"Breathwork-Trained",P79>=65,"Functional Breather",P79>=50,"Breather-in-Training",P79>=31,"Breath Beginner",P79>=0,"Breath-Aware")) -> Breath Beginner
A80: 46064.915 | B80: Quinn McCutchen | D80: mccutcq@netscape.net | E80: Climb a high altitude mountain | F80: 11 | G80: 49 | H80: 65 | I80: Zone 1, horizontal movement, shoulders = no movement | K80: Aconcagua next January | L80: 10 | M80: 56 | N80: Male | O80: {=IF(A80:A241="",, XLOOKUP(D80:D241, 'Recal IDs Log'!E64:E241, 'Recal IDs Log'!B64:B241, "", 0, -1))} -> #REF! | P80: =IF(A80="",,LET(bolt_score,F80,co2tt_score,G80,mbt_score,H80,lom_text,I80,rom_score,J80,bolt_tier,IFS(bolt_score<15,0,bolt_score<=19,1,bolt_score<=24,2,bolt_score<=29,3,bolt_score<=34,4,bolt_score>=35,5,TRUE,0),co2tt_tier,IFS(co2tt_score<25,0,co2tt_score<=39,1,co2tt_score<=54,2,co2tt_score<=69,3,co2tt_score<=84,4,co2tt_score>=85,5,TRUE,0),mbt_tier,IFS(mbt_score<25,0,mbt_score<=39,1,mbt_score<=54,2,mbt_score<=69,3,mbt_score<=84,4,mbt_score>=85,5,TRUE,0),rom_tier,IFS(rom_score<60,0,rom_score<=74,1,rom_score<=89,2,rom_score<=104,3,rom_score<=119,4,rom_score>=120,5,TRUE,0),lom_tier,IFS(ISNUMBER(SEARCH("zone 3 only",lom_text)),0,ISNUMBER(SEARCH("zone 3",lom_text))*ISNUMBER(SEARCH("zone 2",lom_text)),1,ISNUMBER(SEARCH("zone 2",lom_text))*NOT(ISNUMBER(SEARCH("zone 1",lom_text)))*NOT(ISNUMBER(SEARCH("zone 3",lom_text))),2,ISNUMBER(SEARCH("zone 1",lom_text))*ISNUMBER(SEARCH("zone 2",lom_text)),3,ISNUMBER(SEARCH("zone 1",lom_text))*ISNUMBER(SEARCH("horizontal",lom_text)),4,ISNUMBER(SEARCH("360",lom_text)),5,TRUE,0),total_weighted_score,(bolt_tier*1)+(co2tt_tier*2)+(mbt_tier*3)+(lom_tier*3)+(rom_tier*1),(total_weighted_score/50)*100)) -> 50 | Q80: =IF(P80="",,IFS(P80>=93,"Ultra",P80>=80,"Great",P80>=65,"Good",P80>=50,"Fair",P80>=31,"Poor",P80>=0,"Very Poor")) -> Fair | R80: =IF(P80="",,IFS(P80>=93,"Breath Master",P80>=80,"Breathwork-Trained",P80>=65,"Functional Breather",P80>=50,"Breather-in-Training",P80>=31,"Breath Beginner",P80>=0,"Breath-Aware")) -> Breather-in-Training
A81: 46068.47 | B81: Dr Smriti | D81: smritigondi@gmail.com | E81: Climb a high altitude mountain | F81: 34 | G81: 25.6 | H81: 30 | I81: Zone 1 and a bit of Zone 2, belly movement apparent | K81: Mera peak expedition in Nepal in April 2026 | L81: 5 | M81: 52 | N81: Female | O81: {=IF(A81:A241="",, XLOOKUP(D81:D241, 'Recal IDs Log'!E65:E241, 'Recal IDs Log'!B65:B241, "", 0, -1))} -> #REF! | P81: =IF(A81="",,LET(bolt_score,F81,co2tt_score,G81,mbt_score,H81,lom_text,I81,rom_score,J81,bolt_tier,IFS(bolt_score<15,0,bolt_score<=19,1,bolt_score<=24,2,bolt_score<=29,3,bolt_score<=34,4,bolt_score>=35,5,TRUE,0),co2tt_tier,IFS(co2tt_score<25,0,co2tt_score<=39,1,co2tt_score<=54,2,co2tt_score<=69,3,co2tt_score<=84,4,co2tt_score>=85,5,TRUE,0),mbt_tier,IFS(mbt_score<25,0,mbt_score<=39,1,mbt_score<=54,2,mbt_score<=69,3,mbt_score<=84,4,mbt_score>=85,5,TRUE,0),rom_tier,IFS(rom_score<60,0,rom_score<=74,1,rom_score<=89,2,rom_score<=104,3,rom_score<=119,4,rom_score>=120,5,TRUE,0),lom_tier,IFS(ISNUMBER(SEARCH("zone 3 only",lom_text)),0,ISNUMBER(SEARCH("zone 3",lom_text))*ISNUMBER(SEARCH("zone 2",lom_text)),1,ISNUMBER(SEARCH("zone 2",lom_text))*NOT(ISNUMBER(SEARCH("zone 1",lom_text)))*NOT(ISNUMBER(SEARCH("zone 3",lom_text))),2,ISNUMBER(SEARCH("zone 1",lom_text))*ISNUMBER(SEARCH("zone 2",lom_text)),3,ISNUMBER(SEARCH("zone 1",lom_text))*ISNUMBER(SEARCH("horizontal",lom_text)),4,ISNUMBER(SEARCH("360",lom_text)),5,TRUE,0),total_weighted_score,(bolt_tier*1)+(co2tt_tier*2)+(mbt_tier*3)+(lom_tier*3)+(rom_tier*1),(total_weighted_score/50)*100)) -> 36 | Q81: =IF(P81="",,IFS(P81>=93,"Ultra",P81>=80,"Great",P81>=65,"Good",P81>=50,"Fair",P81>=31,"Poor",P81>=0,"Very Poor")) -> Poor | R81: =IF(P81="",,IFS(P81>=93,"Breath Master",P81>=80,"Breathwork-Trained",P81>=65,"Functional Breather",P81>=50,"Breather-in-Training",P81>=31,"Breath Beginner",P81>=0,"Breath-Aware")) -> Breath Beginner
A82: 46069.974 | B82: Grace H Lee | D82: gleedds@gmail.com | E82: Run an ultra race at altitude | F82: 18 | G82: 38 | H82: 37 | I82: Zone 1 and a bit of Zone 2, belly movement apparent | K82: I'm also doing a couple of high altitude mountains fast ascend. Orizaba in March, 100K in April (not at an altitude), Elbrus in June, 100M in July (not at an altitude but have 32K ft elevation gain. I'll be doing Leadville 100M next year. | L82: 10 | M82: 49 | N82: Female | O82: {=IF(A82:A241="",, XLOOKUP(D82:D241, 'Recal IDs Log'!E66:E241, 'Recal IDs Log'!B66:B241, "", 0, -1))} -> #REF! | P82: =IF(A82="",,LET(bolt_score,F82,co2tt_score,G82,mbt_score,H82,lom_text,I82,rom_score,J82,bolt_tier,IFS(bolt_score<15,0,bolt_score<=19,1,bolt_score<=24,2,bolt_score<=29,3,bolt_score<=34,4,bolt_score>=35,5,TRUE,0),co2tt_tier,IFS(co2tt_score<25,0,co2tt_score<=39,1,co2tt_score<=54,2,co2tt_score<=69,3,co2tt_score<=84,4,co2tt_score>=85,5,TRUE,0),mbt_tier,IFS(mbt_score<25,0,mbt_score<=39,1,mbt_score<=54,2,mbt_score<=69,3,mbt_score<=84,4,mbt_score>=85,5,TRUE,0),rom_tier,IFS(rom_score<60,0,rom_score<=74,1,rom_score<=89,2,rom_score<=104,3,rom_score<=119,4,rom_score>=120,5,TRUE,0),lom_tier,IFS(ISNUMBER(SEARCH("zone 3 only",lom_text)),0,ISNUMBER(SEARCH("zone 3",lom_text))*ISNUMBER(SEARCH("zone 2",lom_text)),1,ISNUMBER(SEARCH("zone 2",lom_text))*NOT(ISNUMBER(SEARCH("zone 1",lom_text)))*NOT(ISNUMBER(SEARCH("zone 3",lom_text))),2,ISNUMBER(SEARCH("zone 1",lom_text))*ISNUMBER(SEARCH("zone 2",lom_text)),3,ISNUMBER(SEARCH("zone 1",lom_text))*ISNUMBER(SEARCH("horizontal",lom_text)),4,ISNUMBER(SEARCH("360",lom_text)),5,TRUE,0),total_weighted_score,(bolt_tier*1)+(co2tt_tier*2)+(mbt_tier*3)+(lom_tier*3)+(rom_tier*1),(total_weighted_score/50)*100)) -> 30 | Q82: =IF(P82="",,IFS(P82>=93,"Ultra",P82>=80,"Great",P82>=65,"Good",P82>=50,"Fair",P82>=31,"Poor",P82>=0,"Very Poor")) -> Very Poor | R82: =IF(P82="",,IFS(P82>=93,"Breath Master",P82>=80,"Breathwork-Trained",P82>=65,"Functional Breather",P82>=50,"Breather-in-Training",P82>=31,"Breath Beginner",P82>=0,"Breath-Aware")) -> Breath-Aware
A83: 46076.828 | B83: Larry | D83: larry9x@msn.com | E83: Climb a high altitude mountain | F83: 15 | G83: 41 | H83: 26 | I83: Zone 1 and a bit of Zone 2, belly movement apparent | K83: Climb Wheeler Peak, NM in July 2026 AND Kilimanjaro in June 2027 | L83: 3 | M83: 73 | N83: Male | O83: {=IF(A83:A241="",, XLOOKUP(D83:D241, 'Recal IDs Log'!E67:E241, 'Recal IDs Log'!B67:B241, "", 0, -1))} -> #REF! | P83: =IF(A83="",,LET(bolt_score,F83,co2tt_score,G83,mbt_score,H83,lom_text,I83,rom_score,J83,bolt_tier,IFS(bolt_score<15,0,bolt_score<=19,1,bolt_score<=24,2,bolt_score<=29,3,bolt_score<=34,4,bolt_score>=35,5,TRUE,0),co2tt_tier,IFS(co2tt_score<25,0,co2tt_score<=39,1,co2tt_score<=54,2,co2tt_score<=69,3,co2tt_score<=84,4,co2tt_score>=85,5,TRUE,0),mbt_tier,IFS(mbt_score<25,0,mbt_score<=39,1,mbt_score<=54,2,mbt_score<=69,3,mbt_score<=84,4,mbt_score>=85,5,TRUE,0),rom_tier,IFS(rom_score<60,0,rom_score<=74,1,rom_score<=89,2,rom_score<=104,3,rom_score<=119,4,rom_score>=120,5,TRUE,0),lom_tier,IFS(ISNUMBER(SEARCH("zone 3 only",lom_text)),0,ISNUMBER(SEARCH("zone 3",lom_text))*ISNUMBER(SEARCH("zone 2",lom_text)),1,ISNUMBER(SEARCH("zone 2",lom_text))*NOT(ISNUMBER(SEARCH("zone 1",lom_text)))*NOT(ISNUMBER(SEARCH("zone 3",lom_text))),2,ISNUMBER(SEARCH("zone 1",lom_text))*ISNUMBER(SEARCH("zone 2",lom_text)),3,ISNUMBER(SEARCH("zone 1",lom_text))*ISNUMBER(SEARCH("horizontal",lom_text)),4,ISNUMBER(SEARCH("360",lom_text)),5,TRUE,0),total_weighted_score,(bolt_tier*1)+(co2tt_tier*2)+(mbt_tier*3)+(lom_tier*3)+(rom_tier*1),(total_weighted_score/50)*100)) -> 34 | Q83: =IF(P83="",,IFS(P83>=93,"Ultra",P83>=80,"Great",P83>=65,"Good",P83>=50,"Fair",P83>=31,"Poor",P83>=0,"Very Poor")) -> Poor | R83: =IF(P83="",,IFS(P83>=93,"Breath Master",P83>=80,"Breathwork-Trained",P83>=65,"Functional Breather",P83>=50,"Breather-in-Training",P83>=31,"Breath Beginner",P83>=0,"Breath-Aware")) -> Breath Beginner
A84: 46081.045 | B84: Wayne Heinz | D84: w.t.heinz@gmail.com | E84: Climb a high altitude mountain | F84: 21 | G84: 40 | H84: 34 | I84: Zone 1 and a bit of Zone 2, belly movement apparent | K84: Climb Acancogua January 2027 | L84: 6 | M84: 46 | N84: Male | O84: {=IF(A84:A241="",, XLOOKUP(D84:D241, 'Recal IDs Log'!E68:E241, 'Recal IDs Log'!B68:B241, "", 0, -1))} -> #REF! | P84: =IF(A84="",,LET(bolt_score,F84,co2tt_score,G84,mbt_score,H84,lom_text,I84,rom_score,J84,bolt_tier,IFS(bolt_score<15,0,bolt_score<=19,1,bolt_score<=24,2,bolt_score<=29,3,bolt_score<=34,4,bolt_score>=35,5,TRUE,0),co2tt_tier,IFS(co2tt_score<25,0,co2tt_score<=39,1,co2tt_score<=54,2,co2tt_score<=69,3,co2tt_score<=84,4,co2tt_score>=85,5,TRUE,0),mbt_tier,IFS(mbt_score<25,0,mbt_score<=39,1,mbt_score<=54,2,mbt_score<=69,3,mbt_score<=84,4,mbt_score>=85,5,TRUE,0),rom_tier,IFS(rom_score<60,0,rom_score<=74,1,rom_score<=89,2,rom_score<=104,3,rom_score<=119,4,rom_score>=120,5,TRUE,0),lom_tier,IFS(ISNUMBER(SEARCH("zone 3 only",lom_text)),0,ISNUMBER(SEARCH("zone 3",lom_text))*ISNUMBER(SEARCH("zone 2",lom_text)),1,ISNUMBER(SEARCH("zone 2",lom_text))*NOT(ISNUMBER(SEARCH("zone 1",lom_text)))*NOT(ISNUMBER(SEARCH("zone 3",lom_text))),2,ISNUMBER(SEARCH("zone 1",lom_text))*ISNUMBER(SEARCH("zone 2",lom_text)),3,ISNUMBER(SEARCH("zone 1",lom_text))*ISNUMBER(SEARCH("horizontal",lom_text)),4,ISNUMBER(SEARCH("360",lom_text)),5,TRUE,0),total_weighted_score,(bolt_tier*1)+(co2tt_tier*2)+(mbt_tier*3)+(lom_tier*3)+(rom_tier*1),(total_weighted_score/50)*100)) -> 36 | Q84: =IF(P84="",,IFS(P84>=93,"Ultra",P84>=80,"Great",P84>=65,"Good",P84>=50,"Fair",P84>=31,"Poor",P84>=0,"Very Poor")) -> Poor | R84: =IF(P84="",,IFS(P84>=93,"Breath Master",P84>=80,"Breathwork-Trained",P84>=65,"Functional Breather",P84>=50,"Breather-in-Training",P84>=31,"Breath Beginner",P84>=0,"Breath-Aware")) -> Breath Beginner
A85: 46086.723 | B85: Iv | D85: mitevivoovi@gmail.com | E85: Climb a high altitude mountain | F85: 20 | G85: 21 | H85: 20 | I85: Zone 1 and a bit of Zone 2, belly movement apparent | K85: Climbing Cho Oyu | L85: 7 | M85: 45 | N85: Male | O85: {=IF(A85:A241="",, XLOOKUP(D85:D241, 'Recal IDs Log'!E69:E241, 'Recal IDs Log'!B69:B241, "", 0, -1))} -> #REF! | P85: =IF(A85="",,LET(bolt_score,F85,co2tt_score,G85,mbt_score,H85,lom_text,I85,rom_score,J85,bolt_tier,IFS(bolt_score<15,0,bolt_score<=19,1,bolt_score<=24,2,bolt_score<=29,3,bolt_score<=34,4,bolt_score>=35,5,TRUE,0),co2tt_tier,IFS(co2tt_score<25,0,co2tt_score<=39,1,co2tt_score<=54,2,co2tt_score<=69,3,co2tt_score<=84,4,co2tt_score>=85,5,TRUE,0),mbt_tier,IFS(mbt_score<25,0,mbt_score<=39,1,mbt_score<=54,2,mbt_score<=69,3,mbt_score<=84,4,mbt_score>=85,5,TRUE,0),rom_tier,IFS(rom_score<60,0,rom_score<=74,1,rom_score<=89,2,rom_score<=104,3,rom_score<=119,4,rom_score>=120,5,TRUE,0),lom_tier,IFS(ISNUMBER(SEARCH("zone 3 only",lom_text)),0,ISNUMBER(SEARCH("zone 3",lom_text))*ISNUMBER(SEARCH("zone 2",lom_text)),1,ISNUMBER(SEARCH("zone 2",lom_text))*NOT(ISNUMBER(SEARCH("zone 1",lom_text)))*NOT(ISNUMBER(SEARCH("zone 3",lom_text))),2,ISNUMBER(SEARCH("zone 1",lom_text))*ISNUMBER(SEARCH("zone 2",lom_text)),3,ISNUMBER(SEARCH("zone 1",lom_text))*ISNUMBER(SEARCH("horizontal",lom_text)),4,ISNUMBER(SEARCH("360",lom_text)),5,TRUE,0),total_weighted_score,(bolt_tier*1)+(co2tt_tier*2)+(mbt_tier*3)+(lom_tier*3)+(rom_tier*1),(total_weighted_score/50)*100)) -> 22 | Q85: =IF(P85="",,IFS(P85>=93,"Ultra",P85>=80,"Great",P85>=65,"Good",P85>=50,"Fair",P85>=31,"Poor",P85>=0,"Very Poor")) -> Very Poor | R85: =IF(P85="",,IFS(P85>=93,"Breath Master",P85>=80,"Breathwork-Trained",P85>=65,"Functional Breather",P85>=50,"Breather-in-Training",P85>=31,"Breath Beginner",P85>=0,"Breath-Aware")) -> Breath-Aware
A86: 46092.012 | B86: Jeffrey Beck | D86: jbeck@swlaw.com | E86: Climb a high altitude mountain | F86: 27 | G86: 50 | H86: 30 | I86: Zone 1 and a bit of Zone 2, belly movement apparent | K86: EBC in late April | L86: 12 | M86: 58 | N86: Male | O86: {=IF(A86:A241="",, XLOOKUP(D86:D241, 'Recal IDs Log'!E70:E241, 'Recal IDs Log'!B70:B241, "", 0, -1))} -> #REF! | P86: =IF(A86="",,LET(bolt_score,F86,co2tt_score,G86,mbt_score,H86,lom_text,I86,rom_score,J86,bolt_tier,IFS(bolt_score<15,0,bolt_score<=19,1,bolt_score<=24,2,bolt_score<=29,3,bolt_score<=34,4,bolt_score>=35,5,TRUE,0),co2tt_tier,IFS(co2tt_score<25,0,co2tt_score<=39,1,co2tt_score<=54,2,co2tt_score<=69,3,co2tt_score<=84,4,co2tt_score>=85,5,TRUE,0),mbt_tier,IFS(mbt_score<25,0,mbt_score<=39,1,mbt_score<=54,2,mbt_score<=69,3,mbt_score<=84,4,mbt_score>=85,5,TRUE,0),rom_tier,IFS(rom_score<60,0,rom_score<=74,1,rom_score<=89,2,rom_score<=104,3,rom_score<=119,4,rom_score>=120,5,TRUE,0),lom_tier,IFS(ISNUMBER(SEARCH("zone 3 only",lom_text)),0,ISNUMBER(SEARCH("zone 3",lom_text))*ISNUMBER(SEARCH("zone 2",lom_text)),1,ISNUMBER(SEARCH("zone 2",lom_text))*NOT(ISNUMBER(SEARCH("zone 1",lom_text)))*NOT(ISNUMBER(SEARCH("zone 3",lom_text))),2,ISNUMBER(SEARCH("zone 1",lom_text))*ISNUMBER(SEARCH("zone 2",lom_text)),3,ISNUMBER(SEARCH("zone 1",lom_text))*ISNUMBER(SEARCH("horizontal",lom_text)),4,ISNUMBER(SEARCH("360",lom_text)),5,TRUE,0),total_weighted_score,(bolt_tier*1)+(co2tt_tier*2)+(mbt_tier*3)+(lom_tier*3)+(rom_tier*1),(total_weighted_score/50)*100)) -> 38 | Q86: =IF(P86="",,IFS(P86>=93,"Ultra",P86>=80,"Great",P86>=65,"Good",P86>=50,"Fair",P86>=31,"Poor",P86>=0,"Very Poor")) -> Poor | R86: =IF(P86="",,IFS(P86>=93,"Breath Master",P86>=80,"Breathwork-Trained",P86>=65,"Functional Breather",P86>=50,"Breather-in-Training",P86>=31,"Breath Beginner",P86>=0,"Breath-Aware")) -> Breath Beginner
A87: 46092.694 | B87: Denise Teahon | D87: teahon.denise@gmail.com | E87: Climb a high altitude mountain | F87: 22 | G87: 45 | H87: 40 | I87: Zone 1 and a bit of Zone 2, belly movement apparent | K87: EBC base camp and Lobuche east early April. Start the hike 3/21 with peak 4/2&3. I’ve done kili and 22 14ers. Sometimes AMS. Sometimes not. Used diamox on Kili. | L87: 26 | M87: 64 | N87: Female | O87: {=IF(A87:A241="",, XLOOKUP(D87:D241, 'Recal IDs Log'!E71:E241, 'Recal IDs Log'!B71:B241, "", 0, -1))} -> #REF! | P87: =IF(A87="",,LET(bolt_score,F87,co2tt_score,G87,mbt_score,H87,lom_text,I87,rom_score,J87,bolt_tier,IFS(bolt_score<15,0,bolt_score<=19,1,bolt_score<=24,2,bolt_score<=29,3,bolt_score<=34,4,bolt_score>=35,5,TRUE,0),co2tt_tier,IFS(co2tt_score<25,0,co2tt_score<=39,1,co2tt_score<=54,2,co2tt_score<=69,3,co2tt_score<=84,4,co2tt_score>=85,5,TRUE,0),mbt_tier,IFS(mbt_score<25,0,mbt_score<=39,1,mbt_score<=54,2,mbt_score<=69,3,mbt_score<=84,4,mbt_score>=85,5,TRUE,0),rom_tier,IFS(rom_score<60,0,rom_score<=74,1,rom_score<=89,2,rom_score<=104,3,rom_score<=119,4,rom_score>=120,5,TRUE,0),lom_tier,IFS(ISNUMBER(SEARCH("zone 3 only",lom_text)),0,ISNUMBER(SEARCH("zone 3",lom_text))*ISNUMBER(SEARCH("zone 2",lom_text)),1,ISNUMBER(SEARCH("zone 2",lom_text))*NOT(ISNUMBER(SEARCH("zone 1",lom_text)))*NOT(ISNUMBER(SEARCH("zone 3",lom_text))),2,ISNUMBER(SEARCH("zone 1",lom_text))*ISNUMBER(SEARCH("zone 2",lom_text)),3,ISNUMBER(SEARCH("zone 1",lom_text))*ISNUMBER(SEARCH("horizontal",lom_text)),4,ISNUMBER(SEARCH("360",lom_text)),5,TRUE,0),total_weighted_score,(bolt_tier*1)+(co2tt_tier*2)+(mbt_tier*3)+(lom_tier*3)+(rom_tier*1),(total_weighted_score/50)*100)) -> 42 | Q87: =IF(P87="",,IFS(P87>=93,"Ultra",P87>=80,"Great",P87>=65,"Good",P87>=50,"Fair",P87>=31,"Poor",P87>=0,"Very Poor")) -> Poor | R87: =IF(P87="",,IFS(P87>=93,"Breath Master",P87>=80,"Breathwork-Trained",P87>=65,"Functional Breather",P87>=50,"Breather-in-Training",P87>=31,"Breath Beginner",P87>=0,"Breath-Aware")) -> Breath Beginner
A88: 46093.73 | B88: Russel Karbley | D88: rkarbley@comcast.net | E88: Hiking/trekking in general | F88: 18 | G88: 40 | H88: 15 | I88: Zone 1 and a bit of Zone 2, belly movement apparent | K88: Increase lung capacity. Everest base camp trek 2027 | L88: 10 | M88: 67 | N88: Male | O88: {=IF(A88:A241="",, XLOOKUP(D88:D241, 'Recal IDs Log'!E72:E241, 'Recal IDs Log'!B72:B241, "", 0, -1))} -> #REF! | P88: =IF(A88="",,LET(bolt_score,F88,co2tt_score,G88,mbt_score,H88,lom_text,I88,rom_score,J88,bolt_tier,IFS(bolt_score<15,0,bolt_score<=19,1,bolt_score<=24,2,bolt_score<=29,3,bolt_score<=34,4,bolt_score>=35,5,TRUE,0),co2tt_tier,IFS(co2tt_score<25,0,co2tt_score<=39,1,co2tt_score<=54,2,co2tt_score<=69,3,co2tt_score<=84,4,co2tt_score>=85,5,TRUE,0),mbt_tier,IFS(mbt_score<25,0,mbt_score<=39,1,mbt_score<=54,2,mbt_score<=69,3,mbt_score<=84,4,mbt_score>=85,5,TRUE,0),rom_tier,IFS(rom_score<60,0,rom_score<=74,1,rom_score<=89,2,rom_score<=104,3,rom_score<=119,4,rom_score>=120,5,TRUE,0),lom_tier,IFS(ISNUMBER(SEARCH("zone 3 only",lom_text)),0,ISNUMBER(SEARCH("zone 3",lom_text))*ISNUMBER(SEARCH("zone 2",lom_text)),1,ISNUMBER(SEARCH("zone 2",lom_text))*NOT(ISNUMBER(SEARCH("zone 1",lom_text)))*NOT(ISNUMBER(SEARCH("zone 3",lom_text))),2,ISNUMBER(SEARCH("zone 1",lom_text))*ISNUMBER(SEARCH("zone 2",lom_text)),3,ISNUMBER(SEARCH("zone 1",lom_text))*ISNUMBER(SEARCH("horizontal",lom_text)),4,ISNUMBER(SEARCH("360",lom_text)),5,TRUE,0),total_weighted_score,(bolt_tier*1)+(co2tt_tier*2)+(mbt_tier*3)+(lom_tier*3)+(rom_tier*1),(total_weighted_score/50)*100)) -> 28 | Q88: =IF(P88="",,IFS(P88>=93,"Ultra",P88>=80,"Great",P88>=65,"Good",P88>=50,"Fair",P88>=31,"Poor",P88>=0,"Very Poor")) -> Very Poor | R88: =IF(P88="",,IFS(P88>=93,"Breath Master",P88>=80,"Breathwork-Trained",P88>=65,"Functional Breather",P88>=50,"Breather-in-Training",P88>=31,"Breath Beginner",P88>=0,"Breath-Aware")) -> Breath-Aware
A89: 46093.93 | B89: Guillermina Calles | D89: guillecalles@gmail.com | E89: Hiking/trekking in general | F89: 15 | G89: 37 | H89: 35 | I89: Zone 1 and a bit of Zone 2, belly movement apparent | L89: 8 | M89: 53 | N89: Female | O89: {=IF(A89:A241="",, XLOOKUP(D89:D241, 'Recal IDs Log'!E73:E241, 'Recal IDs Log'!B73:B241, "", 0, -1))} -> #REF! | P89: =IF(A89="",,LET(bolt_score,F89,co2tt_score,G89,mbt_score,H89,lom_text,I89,rom_score,J89,bolt_tier,IFS(bolt_score<15,0,bolt_score<=19,1,bolt_score<=24,2,bolt_score<=29,3,bolt_score<=34,4,bolt_score>=35,5,TRUE,0),co2tt_tier,IFS(co2tt_score<25,0,co2tt_score<=39,1,co2tt_score<=54,2,co2tt_score<=69,3,co2tt_score<=84,4,co2tt_score>=85,5,TRUE,0),mbt_tier,IFS(mbt_score<25,0,mbt_score<=39,1,mbt_score<=54,2,mbt_score<=69,3,mbt_score<=84,4,mbt_score>=85,5,TRUE,0),rom_tier,IFS(rom_score<60,0,rom_score<=74,1,rom_score<=89,2,rom_score<=104,3,rom_score<=119,4,rom_score>=120,5,TRUE,0),lom_tier,IFS(ISNUMBER(SEARCH("zone 3 only",lom_text)),0,ISNUMBER(SEARCH("zone 3",lom_text))*ISNUMBER(SEARCH("zone 2",lom_text)),1,ISNUMBER(SEARCH("zone 2",lom_text))*NOT(ISNUMBER(SEARCH("zone 1",lom_text)))*NOT(ISNUMBER(SEARCH("zone 3",lom_text))),2,ISNUMBER(SEARCH("zone 1",lom_text))*ISNUMBER(SEARCH("zone 2",lom_text)),3,ISNUMBER(SEARCH("zone 1",lom_text))*ISNUMBER(SEARCH("horizontal",lom_text)),4,ISNUMBER(SEARCH("360",lom_text)),5,TRUE,0),total_weighted_score,(bolt_tier*1)+(co2tt_tier*2)+(mbt_tier*3)+(lom_tier*3)+(rom_tier*1),(total_weighted_score/50)*100)) -> 30 | Q89: =IF(P89="",,IFS(P89>=93,"Ultra",P89>=80,"Great",P89>=65,"Good",P89>=50,"Fair",P89>=31,"Poor",P89>=0,"Very Poor")) -> Very Poor | R89: =IF(P89="",,IFS(P89>=93,"Breath Master",P89>=80,"Breathwork-Trained",P89>=65,"Functional Breather",P89>=50,"Breather-in-Training",P89>=31,"Breath Beginner",P89>=0,"Breath-Aware")) -> Breath-Aware
A90: 46093.974 | B90: Caleb Gardner | D90: thecalebgardner@gmail.com | E90: Hiking/trekking in general | F90: 21 | G90: 31 | H90: 45 | I90: Zone 1 and a bit of Zone 2, belly movement apparent | K90: Climb multiple 14ers in one day during June trip | L90: 7 | M90: 27 | N90: Male | O90: {=IF(A90:A241="",, XLOOKUP(D90:D241, 'Recal IDs Log'!E74:E241, 'Recal IDs Log'!B74:B241, "", 0, -1))} -> #REF! | P90: =IF(A90="",,LET(bolt_score,F90,co2tt_score,G90,mbt_score,H90,lom_text,I90,rom_score,J90,bolt_tier,IFS(bolt_score<15,0,bolt_score<=19,1,bolt_score<=24,2,bolt_score<=29,3,bolt_score<=34,4,bolt_score>=35,5,TRUE,0),co2tt_tier,IFS(co2tt_score<25,0,co2tt_score<=39,1,co2tt_score<=54,2,co2tt_score<=69,3,co2tt_score<=84,4,co2tt_score>=85,5,TRUE,0),mbt_tier,IFS(mbt_score<25,0,mbt_score<=39,1,mbt_score<=54,2,mbt_score<=69,3,mbt_score<=84,4,mbt_score>=85,5,TRUE,0),rom_tier,IFS(rom_score<60,0,rom_score<=74,1,rom_score<=89,2,rom_score<=104,3,rom_score<=119,4,rom_score>=120,5,TRUE,0),lom_tier,IFS(ISNUMBER(SEARCH("zone 3 only",lom_text)),0,ISNUMBER(SEARCH("zone 3",lom_text))*ISNUMBER(SEARCH("zone 2",lom_text)),1,ISNUMBER(SEARCH("zone 2",lom_text))*NOT(ISNUMBER(SEARCH("zone 1",lom_text)))*NOT(ISNUMBER(SEARCH("zone 3",lom_text))),2,ISNUMBER(SEARCH("zone 1",lom_text))*ISNUMBER(SEARCH("zone 2",lom_text)),3,ISNUMBER(SEARCH("zone 1",lom_text))*ISNUMBER(SEARCH("horizontal",lom_text)),4,ISNUMBER(SEARCH("360",lom_text)),5,TRUE,0),total_weighted_score,(bolt_tier*1)+(co2tt_tier*2)+(mbt_tier*3)+(lom_tier*3)+(rom_tier*1),(total_weighted_score/50)*100)) -> 38 | Q90: =IF(P90="",,IFS(P90>=93,"Ultra",P90>=80,"Great",P90>=65,"Good",P90>=50,"Fair",P90>=31,"Poor",P90>=0,"Very Poor")) -> Poor | R90: =IF(P90="",,IFS(P90>=93,"Breath Master",P90>=80,"Breathwork-Trained",P90>=65,"Functional Breather",P90>=50,"Breather-in-Training",P90>=31,"Breath Beginner",P90>=0,"Breath-Aware")) -> Breath Beginner
A91: 46094.116 | B91: Michelle Lomeli | D91: mkibby1@stanford.edu | E91: Run an ultra race at altitude | F91: 24 | G91: 30 | H91: 43 | I91: Zone 3, some Zone 2, shoulder movement apparent | K91: High lonesome 100 | L91: 5 | M91: 44 | N91: Female | O91: {=IF(A91:A241="",, XLOOKUP(D91:D241, 'Recal IDs Log'!E75:E241, 'Recal IDs Log'!B75:B241, "", 0, -1))} -> #REF! | P91: =IF(A91="",,LET(bolt_score,F91,co2tt_score,G91,mbt_score,H91,lom_text,I91,rom_score,J91,bolt_tier,IFS(bolt_score<15,0,bolt_score<=19,1,bolt_score<=24,2,bolt_score<=29,3,bolt_score<=34,4,bolt_score>=35,5,TRUE,0),co2tt_tier,IFS(co2tt_score<25,0,co2tt_score<=39,1,co2tt_score<=54,2,co2tt_score<=69,3,co2tt_score<=84,4,co2tt_score>=85,5,TRUE,0),mbt_tier,IFS(mbt_score<25,0,mbt_score<=39,1,mbt_score<=54,2,mbt_score<=69,3,mbt_score<=84,4,mbt_score>=85,5,TRUE,0),rom_tier,IFS(rom_score<60,0,rom_score<=74,1,rom_score<=89,2,rom_score<=104,3,rom_score<=119,4,rom_score>=120,5,TRUE,0),lom_tier,IFS(ISNUMBER(SEARCH("zone 3 only",lom_text)),0,ISNUMBER(SEARCH("zone 3",lom_text))*ISNUMBER(SEARCH("zone 2",lom_text)),1,ISNUMBER(SEARCH("zone 2",lom_text))*NOT(ISNUMBER(SEARCH("zone 1",lom_text)))*NOT(ISNUMBER(SEARCH("zone 3",lom_text))),2,ISNUMBER(SEARCH("zone 1",lom_text))*ISNUMBER(SEARCH("zone 2",lom_text)),3,ISNUMBER(SEARCH("zone 1",lom_text))*ISNUMBER(SEARCH("horizontal",lom_text)),4,ISNUMBER(SEARCH("360",lom_text)),5,TRUE,0),total_weighted_score,(bolt_tier*1)+(co2tt_tier*2)+(mbt_tier*3)+(lom_tier*3)+(rom_tier*1),(total_weighted_score/50)*100)) -> 26 | Q91: =IF(P91="",,IFS(P91>=93,"Ultra",P91>=80,"Great",P91>=65,"Good",P91>=50,"Fair",P91>=31,"Poor",P91>=0,"Very Poor")) -> Very Poor | R91: =IF(P91="",,IFS(P91>=93,"Breath Master",P91>=80,"Breathwork-Trained",P91>=65,"Functional Breather",P91>=50,"Breather-in-Training",P91>=31,"Breath Beginner",P91>=0,"Breath-Aware")) -> Breath-Aware
A92: 46095.009 | B92: Stephanie | D92: smmiskell@gmail.com | E92: Climb a high altitude mountain | F92: 18 | G92: 45 | H92: 35 | I92: Zone 1 and a bit of Zone 2, belly movement apparent | K92: Rainier in July! | L92: 14 | M92: 37 | N92: Female | O92: {=IF(A92:A241="",, XLOOKUP(D92:D241, 'Recal IDs Log'!E76:E241, 'Recal IDs Log'!B76:B241, "", 0, -1))} -> #REF! | P92: =IF(A92="",,LET(bolt_score,F92,co2tt_score,G92,mbt_score,H92,lom_text,I92,rom_score,J92,bolt_tier,IFS(bolt_score<15,0,bolt_score<=19,1,bolt_score<=24,2,bolt_score<=29,3,bolt_score<=34,4,bolt_score>=35,5,TRUE,0),co2tt_tier,IFS(co2tt_score<25,0,co2tt_score<=39,1,co2tt_score<=54,2,co2tt_score<=69,3,co2tt_score<=84,4,co2tt_score>=85,5,TRUE,0),mbt_tier,IFS(mbt_score<25,0,mbt_score<=39,1,mbt_score<=54,2,mbt_score<=69,3,mbt_score<=84,4,mbt_score>=85,5,TRUE,0),rom_tier,IFS(rom_score<60,0,rom_score<=74,1,rom_score<=89,2,rom_score<=104,3,rom_score<=119,4,rom_score>=120,5,TRUE,0),lom_tier,IFS(ISNUMBER(SEARCH("zone 3 only",lom_text)),0,ISNUMBER(SEARCH("zone 3",lom_text))*ISNUMBER(SEARCH("zone 2",lom_text)),1,ISNUMBER(SEARCH("zone 2",lom_text))*NOT(ISNUMBER(SEARCH("zone 1",lom_text)))*NOT(ISNUMBER(SEARCH("zone 3",lom_text))),2,ISNUMBER(SEARCH("zone 1",lom_text))*ISNUMBER(SEARCH("zone 2",lom_text)),3,ISNUMBER(SEARCH("zone 1",lom_text))*ISNUMBER(SEARCH("horizontal",lom_text)),4,ISNUMBER(SEARCH("360",lom_text)),5,TRUE,0),total_weighted_score,(bolt_tier*1)+(co2tt_tier*2)+(mbt_tier*3)+(lom_tier*3)+(rom_tier*1),(total_weighted_score/50)*100)) -> 34 | Q92: =IF(P92="",,IFS(P92>=93,"Ultra",P92>=80,"Great",P92>=65,"Good",P92>=50,"Fair",P92>=31,"Poor",P92>=0,"Very Poor")) -> Poor | R92: =IF(P92="",,IFS(P92>=93,"Breath Master",P92>=80,"Breathwork-Trained",P92>=65,"Functional Breather",P92>=50,"Breather-in-Training",P92>=31,"Breath Beginner",P92>=0,"Breath-Aware")) -> Breath Beginner
A93: 46096.253 | B93: Laurel Anderson | D93: quantum.mechanic.laurel@gmail.com | E93: Climb a high altitude mountain | F93: 20 | G93: 68 | H93: 85 | I93: Zone 1 and a bit of Zone 2, belly movement apparent | K93: lots of large glacieated peaks this summer (possibly including Rainier); improved ski touring and hiking/climbing fitness in general | L93: 5 | M93: 33 | N93: Female | O93: {=IF(A93:A241="",, XLOOKUP(D93:D241, 'Recal IDs Log'!E77:E241, 'Recal IDs Log'!B77:B241, "", 0, -1))} -> #REF! | P93: =IF(A93="",,LET(bolt_score,F93,co2tt_score,G93,mbt_score,H93,lom_text,I93,rom_score,J93,bolt_tier,IFS(bolt_score<15,0,bolt_score<=19,1,bolt_score<=24,2,bolt_score<=29,3,bolt_score<=34,4,bolt_score>=35,5,TRUE,0),co2tt_tier,IFS(co2tt_score<25,0,co2tt_score<=39,1,co2tt_score<=54,2,co2tt_score<=69,3,co2tt_score<=84,4,co2tt_score>=85,5,TRUE,0),mbt_tier,IFS(mbt_score<25,0,mbt_score<=39,1,mbt_score<=54,2,mbt_score<=69,3,mbt_score<=84,4,mbt_score>=85,5,TRUE,0),rom_tier,IFS(rom_score<60,0,rom_score<=74,1,rom_score<=89,2,rom_score<=104,3,rom_score<=119,4,rom_score>=120,5,TRUE,0),lom_tier,IFS(ISNUMBER(SEARCH("zone 3 only",lom_text)),0,ISNUMBER(SEARCH("zone 3",lom_text))*ISNUMBER(SEARCH("zone 2",lom_text)),1,ISNUMBER(SEARCH("zone 2",lom_text))*NOT(ISNUMBER(SEARCH("zone 1",lom_text)))*NOT(ISNUMBER(SEARCH("zone 3",lom_text))),2,ISNUMBER(SEARCH("zone 1",lom_text))*ISNUMBER(SEARCH("zone 2",lom_text)),3,ISNUMBER(SEARCH("zone 1",lom_text))*ISNUMBER(SEARCH("horizontal",lom_text)),4,ISNUMBER(SEARCH("360",lom_text)),5,TRUE,0),total_weighted_score,(bolt_tier*1)+(co2tt_tier*2)+(mbt_tier*3)+(lom_tier*3)+(rom_tier*1),(total_weighted_score/50)*100)) -> 64 | Q93: =IF(P93="",,IFS(P93>=93,"Ultra",P93>=80,"Great",P93>=65,"Good",P93>=50,"Fair",P93>=31,"Poor",P93>=0,"Very Poor")) -> Fair | R93: =IF(P93="",,IFS(P93>=93,"Breath Master",P93>=80,"Breathwork-Trained",P93>=65,"Functional Breather",P93>=50,"Breather-in-Training",P93>=31,"Breath Beginner",P93>=0,"Breath-Aware")) -> Breather-in-Training
A94: 46096.894 | B94: ZacM | D94: zachariamyers@gmail.com | E94: Climb a high altitude mountain | F94: 31 | G94: 70 | H94: 52 | I94: Zone 1 and a bit of Zone 2, belly movement apparent | K94: Mt Victoria - 11,000 ft, 3464m by 21 June (97 days from now) | L94: 12 | M94: 51 | N94: Male | O94: {=IF(A94:A241="",, XLOOKUP(D94:D241, 'Recal IDs Log'!E78:E241, 'Recal IDs Log'!B78:B241, "", 0, -1))} -> #REF! | P94: =IF(A94="",,LET(bolt_score,F94,co2tt_score,G94,mbt_score,H94,lom_text,I94,rom_score,J94,bolt_tier,IFS(bolt_score<15,0,bolt_score<=19,1,bolt_score<=24,2,bolt_score<=29,3,bolt_score<=34,4,bolt_score>=35,5,TRUE,0),co2tt_tier,IFS(co2tt_score<25,0,co2tt_score<=39,1,co2tt_score<=54,2,co2tt_score<=69,3,co2tt_score<=84,4,co2tt_score>=85,5,TRUE,0),mbt_tier,IFS(mbt_score<25,0,mbt_score<=39,1,mbt_score<=54,2,mbt_score<=69,3,mbt_score<=84,4,mbt_score>=85,5,TRUE,0),rom_tier,IFS(rom_score<60,0,rom_score<=74,1,rom_score<=89,2,rom_score<=104,3,rom_score<=119,4,rom_score>=120,5,TRUE,0),lom_tier,IFS(ISNUMBER(SEARCH("zone 3 only",lom_text)),0,ISNUMBER(SEARCH("zone 3",lom_text))*ISNUMBER(SEARCH("zone 2",lom_text)),1,ISNUMBER(SEARCH("zone 2",lom_text))*NOT(ISNUMBER(SEARCH("zone 1",lom_text)))*NOT(ISNUMBER(SEARCH("zone 3",lom_text))),2,ISNUMBER(SEARCH("zone 1",lom_text))*ISNUMBER(SEARCH("zone 2",lom_text)),3,ISNUMBER(SEARCH("zone 1",lom_text))*ISNUMBER(SEARCH("horizontal",lom_text)),4,ISNUMBER(SEARCH("360",lom_text)),5,TRUE,0),total_weighted_score,(bolt_tier*1)+(co2tt_tier*2)+(mbt_tier*3)+(lom_tier*3)+(rom_tier*1),(total_weighted_score/50)*100)) -> 54 | Q94: =IF(P94="",,IFS(P94>=93,"Ultra",P94>=80,"Great",P94>=65,"Good",P94>=50,"Fair",P94>=31,"Poor",P94>=0,"Very Poor")) -> Fair | R94: =IF(P94="",,IFS(P94>=93,"Breath Master",P94>=80,"Breathwork-Trained",P94>=65,"Functional Breather",P94>=50,"Breather-in-Training",P94>=31,"Breath Beginner",P94>=0,"Breath-Aware")) -> Breather-in-Training
A95: 46097.806 | B95: Galina Yordanova | D95: g_yordanova@yahoo.com | E95: Climb a high altitude mountain | F95: 20 | G95: 51 | H95: 30 | I95: Zone 1 and a bit of Zone 2, belly movement apparent | K95: I am planing a trip to Peru. Macchu Puchu, Puno and Titicaca. No triking only trip to see culture and the country. | L95: 3 | M95: 47 | N95: Female | O95: {=IF(A95:A241="",, XLOOKUP(D95:D241, 'Recal IDs Log'!E79:E241, 'Recal IDs Log'!B79:B241, "", 0, -1))} -> #REF! | P95: =IF(A95="",,LET(bolt_score,F95,co2tt_score,G95,mbt_score,H95,lom_text,I95,rom_score,J95,bolt_tier,IFS(bolt_score<15,0,bolt_score<=19,1,bolt_score<=24,2,bolt_score<=29,3,bolt_score<=34,4,bolt_score>=35,5,TRUE,0),co2tt_tier,IFS(co2tt_score<25,0,co2tt_score<=39,1,co2tt_score<=54,2,co2tt_score<=69,3,co2tt_score<=84,4,co2tt_score>=85,5,TRUE,0),mbt_tier,IFS(mbt_score<25,0,mbt_score<=39,1,mbt_score<=54,2,mbt_score<=69,3,mbt_score<=84,4,mbt_score>=85,5,TRUE,0),rom_tier,IFS(rom_score<60,0,rom_score<=74,1,rom_score<=89,2,rom_score<=104,3,rom_score<=119,4,rom_score>=120,5,TRUE,0),lom_tier,IFS(ISNUMBER(SEARCH("zone 3 only",lom_text)),0,ISNUMBER(SEARCH("zone 3",lom_text))*ISNUMBER(SEARCH("zone 2",lom_text)),1,ISNUMBER(SEARCH("zone 2",lom_text))*NOT(ISNUMBER(SEARCH("zone 1",lom_text)))*NOT(ISNUMBER(SEARCH("zone 3",lom_text))),2,ISNUMBER(SEARCH("zone 1",lom_text))*ISNUMBER(SEARCH("zone 2",lom_text)),3,ISNUMBER(SEARCH("zone 1",lom_text))*ISNUMBER(SEARCH("horizontal",lom_text)),4,ISNUMBER(SEARCH("360",lom_text)),5,TRUE,0),total_weighted_score,(bolt_tier*1)+(co2tt_tier*2)+(mbt_tier*3)+(lom_tier*3)+(rom_tier*1),(total_weighted_score/50)*100)) -> 36 | Q95: =IF(P95="",,IFS(P95>=93,"Ultra",P95>=80,"Great",P95>=65,"Good",P95>=50,"Fair",P95>=31,"Poor",P95>=0,"Very Poor")) -> Poor | R95: =IF(P95="",,IFS(P95>=93,"Breath Master",P95>=80,"Breathwork-Trained",P95>=65,"Functional Breather",P95>=50,"Breather-in-Training",P95>=31,"Breath Beginner",P95>=0,"Breath-Aware")) -> Breath Beginner
A96: 46099.69 | B96: Julie Lundstrom | D96: julieannlundstrom@gmail.com | E96: Climb a high altitude mountain | F96: 70 | G96: 85 | H96: 90 | I96: Zone 1, horizontal movement, shoulders = no movement | K96: Impove my running ability Improve my high altitude climbing. I want to smile and enjoy my climbs. :) | L96: 19 | M96: 48 | N96: Female | O96: {=IF(A96:A241="",, XLOOKUP(D96:D241, 'Recal IDs Log'!E80:E241, 'Recal IDs Log'!B80:B241, "", 0, -1))} -> #REF! | P96: =IF(A96="",,LET(bolt_score,F96,co2tt_score,G96,mbt_score,H96,lom_text,I96,rom_score,J96,bolt_tier,IFS(bolt_score<15,0,bolt_score<=19,1,bolt_score<=24,2,bolt_score<=29,3,bolt_score<=34,4,bolt_score>=35,5,TRUE,0),co2tt_tier,IFS(co2tt_score<25,0,co2tt_score<=39,1,co2tt_score<=54,2,co2tt_score<=69,3,co2tt_score<=84,4,co2tt_score>=85,5,TRUE,0),mbt_tier,IFS(mbt_score<25,0,mbt_score<=39,1,mbt_score<=54,2,mbt_score<=69,3,mbt_score<=84,4,mbt_score>=85,5,TRUE,0),rom_tier,IFS(rom_score<60,0,rom_score<=74,1,rom_score<=89,2,rom_score<=104,3,rom_score<=119,4,rom_score>=120,5,TRUE,0),lom_tier,IFS(ISNUMBER(SEARCH("zone 3 only",lom_text)),0,ISNUMBER(SEARCH("zone 3",lom_text))*ISNUMBER(SEARCH("zone 2",lom_text)),1,ISNUMBER(SEARCH("zone 2",lom_text))*NOT(ISNUMBER(SEARCH("zone 1",lom_text)))*NOT(ISNUMBER(SEARCH("zone 3",lom_text))),2,ISNUMBER(SEARCH("zone 1",lom_text))*ISNUMBER(SEARCH("zone 2",lom_text)),3,ISNUMBER(SEARCH("zone 1",lom_text))*ISNUMBER(SEARCH("horizontal",lom_text)),4,ISNUMBER(SEARCH("360",lom_text)),5,TRUE,0),total_weighted_score,(bolt_tier*1)+(co2tt_tier*2)+(mbt_tier*3)+(lom_tier*3)+(rom_tier*1),(total_weighted_score/50)*100)) -> 84 | Q96: =IF(P96="",,IFS(P96>=93,"Ultra",P96>=80,"Great",P96>=65,"Good",P96>=50,"Fair",P96>=31,"Poor",P96>=0,"Very Poor")) -> Great | R96: =IF(P96="",,IFS(P96>=93,"Breath Master",P96>=80,"Breathwork-Trained",P96>=65,"Functional Breather",P96>=50,"Breather-in-Training",P96>=31,"Breath Beginner",P96>=0,"Breath-Aware")) -> Breathwork-Trained
A97: 46099.864 | B97: Andrea | D97: ajkozol1@gmail.com | E97: Hiking/trekking in general | F97: 28 | G97: 47 | H97: 70 | I97: Zone 1 and a bit of Zone 2, belly movement apparent | K97: Hike the Salkantay Pass in Peru in late April | L97: 13 | M97: 66 | N97: Female | O97: {=IF(A97:A241="",, XLOOKUP(D97:D241, 'Recal IDs Log'!E81:E241, 'Recal IDs Log'!B81:B241, "", 0, -1))} -> #REF! | P97: =IF(A97="",,LET(bolt_score,F97,co2tt_score,G97,mbt_score,H97,lom_text,I97,rom_score,J97,bolt_tier,IFS(bolt_score<15,0,bolt_score<=19,1,bolt_score<=24,2,bolt_score<=29,3,bolt_score<=34,4,bolt_score>=35,5,TRUE,0),co2tt_tier,IFS(co2tt_score<25,0,co2tt_score<=39,1,co2tt_score<=54,2,co2tt_score<=69,3,co2tt_score<=84,4,co2tt_score>=85,5,TRUE,0),mbt_tier,IFS(mbt_score<25,0,mbt_score<=39,1,mbt_score<=54,2,mbt_score<=69,3,mbt_score<=84,4,mbt_score>=85,5,TRUE,0),rom_tier,IFS(rom_score<60,0,rom_score<=74,1,rom_score<=89,2,rom_score<=104,3,rom_score<=119,4,rom_score>=120,5,TRUE,0),lom_tier,IFS(ISNUMBER(SEARCH("zone 3 only",lom_text)),0,ISNUMBER(SEARCH("zone 3",lom_text))*ISNUMBER(SEARCH("zone 2",lom_text)),1,ISNUMBER(SEARCH("zone 2",lom_text))*NOT(ISNUMBER(SEARCH("zone 1",lom_text)))*NOT(ISNUMBER(SEARCH("zone 3",lom_text))),2,ISNUMBER(SEARCH("zone 1",lom_text))*ISNUMBER(SEARCH("zone 2",lom_text)),3,ISNUMBER(SEARCH("zone 1",lom_text))*ISNUMBER(SEARCH("horizontal",lom_text)),4,ISNUMBER(SEARCH("360",lom_text)),5,TRUE,0),total_weighted_score,(bolt_tier*1)+(co2tt_tier*2)+(mbt_tier*3)+(lom_tier*3)+(rom_tier*1),(total_weighted_score/50)*100)) -> 56 | Q97: =IF(P97="",,IFS(P97>=93,"Ultra",P97>=80,"Great",P97>=65,"Good",P97>=50,"Fair",P97>=31,"Poor",P97>=0,"Very Poor")) -> Fair | R97: =IF(P97="",,IFS(P97>=93,"Breath Master",P97>=80,"Breathwork-Trained",P97>=65,"Functional Breather",P97>=50,"Breather-in-Training",P97>=31,"Breath Beginner",P97>=0,"Breath-Aware")) -> Breather-in-Training
A98: 46100.464 | B98: Xuan Jia | D98: xuanjialua@gmail.com | E98: Climb a high altitude mountain | F98: 22 | G98: 52 | H98: 52 | I98: Zone 1 and a bit of Zone 2, belly movement apparent | K98: Climb 4000m mountain in 5weeks | L98: 15 | M98: 33 | N98: Female | O98: {=IF(A98:A241="",, XLOOKUP(D98:D241, 'Recal IDs Log'!E82:E241, 'Recal IDs Log'!B82:B241, "", 0, -1))} -> #REF! | P98: =IF(A98="",,LET(bolt_score,F98,co2tt_score,G98,mbt_score,H98,lom_text,I98,rom_score,J98,bolt_tier,IFS(bolt_score<15,0,bolt_score<=19,1,bolt_score<=24,2,bolt_score<=29,3,bolt_score<=34,4,bolt_score>=35,5,TRUE,0),co2tt_tier,IFS(co2tt_score<25,0,co2tt_score<=39,1,co2tt_score<=54,2,co2tt_score<=69,3,co2tt_score<=84,4,co2tt_score>=85,5,TRUE,0),mbt_tier,IFS(mbt_score<25,0,mbt_score<=39,1,mbt_score<=54,2,mbt_score<=69,3,mbt_score<=84,4,mbt_score>=85,5,TRUE,0),rom_tier,IFS(rom_score<60,0,rom_score<=74,1,rom_score<=89,2,rom_score<=104,3,rom_score<=119,4,rom_score>=120,5,TRUE,0),lom_tier,IFS(ISNUMBER(SEARCH("zone 3 only",lom_text)),0,ISNUMBER(SEARCH("zone 3",lom_text))*ISNUMBER(SEARCH("zone 2",lom_text)),1,ISNUMBER(SEARCH("zone 2",lom_text))*NOT(ISNUMBER(SEARCH("zone 1",lom_text)))*NOT(ISNUMBER(SEARCH("zone 3",lom_text))),2,ISNUMBER(SEARCH("zone 1",lom_text))*ISNUMBER(SEARCH("zone 2",lom_text)),3,ISNUMBER(SEARCH("zone 1",lom_text))*ISNUMBER(SEARCH("horizontal",lom_text)),4,ISNUMBER(SEARCH("360",lom_text)),5,TRUE,0),total_weighted_score,(bolt_tier*1)+(co2tt_tier*2)+(mbt_tier*3)+(lom_tier*3)+(rom_tier*1),(total_weighted_score/50)*100)) -> 42 | Q98: =IF(P98="",,IFS(P98>=93,"Ultra",P98>=80,"Great",P98>=65,"Good",P98>=50,"Fair",P98>=31,"Poor",P98>=0,"Very Poor")) -> Poor | R98: =IF(P98="",,IFS(P98>=93,"Breath Master",P98>=80,"Breathwork-Trained",P98>=65,"Functional Breather",P98>=50,"Breather-in-Training",P98>=31,"Breath Beginner",P98>=0,"Breath-Aware")) -> Breath Beginner
A99: 46102.655 | B99: Michelle Lomeli | D99: mkibby1@stanford.edu | E99: Run an ultra race at altitude | F99: 24 | G99: 35 | H99: 30 | I99: Zone 3, some Zone 2, shoulder movement apparent | K99: High Lonesome 100 | L99: 5 | M99: 44 | N99: Female | O99: {=IF(A99:A241="",, XLOOKUP(D99:D241, 'Recal IDs Log'!E83:E241, 'Recal IDs Log'!B83:B241, "", 0, -1))} -> #REF! | P99: =IF(A99="",,LET(bolt_score,F99,co2tt_score,G99,mbt_score,H99,lom_text,I99,rom_score,J99,bolt_tier,IFS(bolt_score<15,0,bolt_score<=19,1,bolt_score<=24,2,bolt_score<=29,3,bolt_score<=34,4,bolt_score>=35,5,TRUE,0),co2tt_tier,IFS(co2tt_score<25,0,co2tt_score<=39,1,co2tt_score<=54,2,co2tt_score<=69,3,co2tt_score<=84,4,co2tt_score>=85,5,TRUE,0),mbt_tier,IFS(mbt_score<25,0,mbt_score<=39,1,mbt_score<=54,2,mbt_score<=69,3,mbt_score<=84,4,mbt_score>=85,5,TRUE,0),rom_tier,IFS(rom_score<60,0,rom_score<=74,1,rom_score<=89,2,rom_score<=104,3,rom_score<=119,4,rom_score>=120,5,TRUE,0),lom_tier,IFS(ISNUMBER(SEARCH("zone 3 only",lom_text)),0,ISNUMBER(SEARCH("zone 3",lom_text))*ISNUMBER(SEARCH("zone 2",lom_text)),1,ISNUMBER(SEARCH("zone 2",lom_text))*NOT(ISNUMBER(SEARCH("zone 1",lom_text)))*NOT(ISNUMBER(SEARCH("zone 3",lom_text))),2,ISNUMBER(SEARCH("zone 1",lom_text))*ISNUMBER(SEARCH("zone 2",lom_text)),3,ISNUMBER(SEARCH("zone 1",lom_text))*ISNUMBER(SEARCH("horizontal",lom_text)),4,ISNUMBER(SEARCH("360",lom_text)),5,TRUE,0),total_weighted_score,(bolt_tier*1)+(co2tt_tier*2)+(mbt_tier*3)+(lom_tier*3)+(rom_tier*1),(total_weighted_score/50)*100)) -> 20 | Q99: =IF(P99="",,IFS(P99>=93,"Ultra",P99>=80,"Great",P99>=65,"Good",P99>=50,"Fair",P99>=31,"Poor",P99>=0,"Very Poor")) -> Very Poor | R99: =IF(P99="",,IFS(P99>=93,"Breath Master",P99>=80,"Breathwork-Trained",P99>=65,"Functional Breather",P99>=50,"Breather-in-Training",P99>=31,"Breath Beginner",P99>=0,"Breath-Aware")) -> Breath-Aware
A100: 46107.959 | B100: Garrit Erickson | D100: garrit.erickson@gmail.com | E100: Climb a high altitude mountain | F100: 16 | G100: 38 | H100: 31 | I100: Zone 1 and a bit of Zone 2, belly movement apparent | K100: Denali Mid may | L100: 9 | M100: 52 | N100: Male | O100: {=IF(A100:A241="",, XLOOKUP(D100:D241, 'Recal IDs Log'!E84:E241, 'Recal IDs Log'!B84:B241, "", 0, -1))} -> #REF! | P100: =IF(A100="",,LET(bolt_score,F100,co2tt_score,G100,mbt_score,H100,lom_text,I100,rom_score,J100,bolt_tier,IFS(bolt_score<15,0,bolt_score<=19,1,bolt_score<=24,2,bolt_score<=29,3,bolt_score<=34,4,bolt_score>=35,5,TRUE,0),co2tt_tier,IFS(co2tt_score<25,0,co2tt_score<=39,1,co2tt_score<=54,2,co2tt_score<=69,3,co2tt_score<=84,4,co2tt_score>=85,5,TRUE,0),mbt_tier,IFS(mbt_score<25,0,mbt_score<=39,1,mbt_score<=54,2,mbt_score<=69,3,mbt_score<=84,4,mbt_score>=85,5,TRUE,0),rom_tier,IFS(rom_score<60,0,rom_score<=74,1,rom_score<=89,2,rom_score<=104,3,rom_score<=119,4,rom_score>=120,5,TRUE,0),lom_tier,IFS(ISNUMBER(SEARCH("zone 3 only",lom_text)),0,ISNUMBER(SEARCH("zone 3",lom_text))*ISNUMBER(SEARCH("zone 2",lom_text)),1,ISNUMBER(SEARCH("zone 2",lom_text))*NOT(ISNUMBER(SEARCH("zone 1",lom_text)))*NOT(ISNUMBER(SEARCH("zone 3",lom_text))),2,ISNUMBER(SEARCH("zone 1",lom_text))*ISNUMBER(SEARCH("zone 2",lom_text)),3,ISNUMBER(SEARCH("zone 1",lom_text))*ISNUMBER(SEARCH("horizontal",lom_text)),4,ISNUMBER(SEARCH("360",lom_text)),5,TRUE,0),total_weighted_score,(bolt_tier*1)+(co2tt_tier*2)+(mbt_tier*3)+(lom_tier*3)+(rom_tier*1),(total_weighted_score/50)*100)) -> 30 | Q100: =IF(P100="",,IFS(P100>=93,"Ultra",P100>=80,"Great",P100>=65,"Good",P100>=50,"Fair",P100>=31,"Poor",P100>=0,"Very Poor")) -> Very Poor | R100: =IF(P100="",,IFS(P100>=93,"Breath Master",P100>=80,"Breathwork-Trained",P100>=65,"Functional Breather",P100>=50,"Breather-in-Training",P100>=31,"Breath Beginner",P100>=0,"Breath-Aware")) -> Breath-Aware
...

Sheet On-Demand Webinar Interactions
A1: Webinar ID | B1: Name | C1: Email | D1: Message | E1: Timestamp
A2: evergreen-webinar | B2: Alex Honnold | C2: alex.honnold@example.com | D2: What breathing protocol is best for recovery after climbing? | E2: 46178.515
A3: evergreen-webinar | B3: Alex Honnold | C3: alex.honnold@example.com | D3: Evergreen Poll #1 Selection: "Yes, multiple summits" | Question: "Have you ever climbed a 14er (14,000+ ft peak)?" | E3: 46178.515
A4: evergreen-webinar | B4: Alex Honnold | C4: alex.honnold@example.com | D4: Analytics - Engagement Drop-off: reached 80% (41:30) | E4: 46178.516
A5: evergreen-webinar | B5: Madhan Prasad | C5: madhanprasad0.5@gmail.com | D5: Analytics - Playback Speed Changed: set to 1x at 0:01 | E5: 46148.519
A6: evergreen-webinar | B6: Madhan Prasad | C6: madhanprasad0.5@gmail.com | D6: Hello | E6: 46148.519
A7: evergreen-webinar | B7: Evergreen Viewer | C7: Not Provided | D7: Analytics - Playback Speed Changed: set to 1x at 0:05 | E7: 46148.581
A8: evergreen-webinar | B8: Evergreen Viewer | C8: Not Provided | D8: Analytics - Rewind Event: from 0:58 back to 0:28 (2 left) | E8: 46178.656
A9: evergreen-webinar | B9: Anthony Lorubbio | C9: anthony.lorubbio@gmail.com | D9: Boulder CO - climbing aconcagua in 2027 | E9: 46178.658
A10: evergreen-webinar | B10: Anthony Lorubbio | C10: anthony.lorubbio@gmail.com | D10: Another submission | E10: 46178.661
A11: evergreen-webinar | B11: Anthony Lorubbio | C11: anthony.lorubbio@gmail.com | D11: Analytics - Playback Speed Changed: set to 2x at 0:38 | E11: 46178.662
A12: evergreen-webinar | B12: Anthony Lorubbio | C12: anthony.lorubbio@gmail.com | D12: Analytics - Playback Speed Changed: set to 1x at 1:45 | E12: 46178.663
A13: evergreen-webinar | B13: Anthony Lorubbio | C13: anthony.lorubbio@gmail.com | D13: Analytics - Rewind Event: from 2:13 back to 1:43 (1 left) | E13: 46178.664
... A200: evergreen-webinar | B200: Evergreen Viewer | C200: Not Provided | D200: Analytics - Playback Speed Changed: set to 1.25x at 0:00 | E200: 46218.726

Sheet Buteyko Belt Sizes
A1: Name | B1: Size | C1: Ordered? | D1: Date ordered | E1: Received?
A2: Michelle Lomeli | B2: Small | C2: Yes
A3: Matthew Thomas | B3: Large | C3: Yes
A4: Dominique | B4: Medium | C4: Yes
A5: Eileen Mauk | B5: Small | C5: Yes | D5: 46093 | E5: 46097
A6: Dana LaVenture | B6: Medium | C6: Yes
A7: Michael Knittel | B7: Medium | C7: Yes
A8: Katherie Mazzali | B8: XS | C8: Yes
A9: Jeff Slevin | B9: Medium | C9: Yes
A10: Barb Edwards | B10: Small | C10: Yes
A11: Santiago Perez | B11: Medium | C11: Yes
A12: Julie Lundstrom | B12: Small | C12: Yes
A13: TC Houston | C13: Yes
A14: Melissa Shaw | B14: Medium | C14: Yes | D14: 46104
A15: Andrea | B15: Small | C15: Yes | D15: 46108
A16: Michael Monin | B16: Large | C16: Yes | D16: 46114
A17: Rolf Widmer | B17: Small | C17: Yes | D17: 46135
A18: Kitt Hodsden
A19: Anne ORiordan
A20: Osvaldo
A21: Don
A22: Nicholas Pace | B22: Small | C22: Yes
A23: Mari | B23: Small | C23: Yes

Sheet SRS-RBI Internal
A1: Timestamp | B1: First Name | C1: Email | D1: Age | E1: Gender | F1: BOLT | G1: CO2TT | H1: MBT | I1: LOM | J1: 1BT | K1: Goal | L1: Goal Notes | M1: Final Score | N1: Grade | O1: Level | P1: Strongest | Q1: Weakest | R1: Column 1 | S1: Column 2 | T1: Column 3
A2: 46093.771 | B2: Jeff | C2: jpslevin@msn.com | D2: 58 | E2: Male | F2: 16 | G2: 41 | H2: 35 | I2: Zone 2 | J2: 17 | K2: Denali trek starting May 24th. | L2: Climb a high altitude mountain | M2: 40 | N2: Poor | O2: Altitude Apprentice | P2: 1BT | Q2: BOLT
A3: 46097.382 | B3: Matthew | C3: matthewthomas2009@aol.com | D3: 56 | E3: Male | F3: 30 | G3: 32 | H3: 35 | I3: Zone 1 and a bit of Zone 2, belly movement apparent | J3: 12 | K3: Climb a high altitude mountain | L3: I am training to hike four 14ers in June of this year and Mount Baker in July of this year. My ultimate goal is Kilimanjaro in 2027. | M3: 38 | N3: Poor | O3: Altitude Apprentice | P3: BOLT | Q3: CO2TT
A4: 46097.446 | B4: Kate | C4: katherinemazzali@gmail.com | D4: 40 | E4: Female | F4: 24 | G4: 31 | H4: 52 | I4: Zone 1 and a bit of Zone 2, belly movement apparent | J4: 15 | K4: Climb a high altitude mountain | L4: EBC in October | M4: 38 | N4: Poor | O4: Breath Beginner | P4: LOM | Q4: CO2TT
A5: 46097.702 | B5: Eileen Mauk | C5: eileenbaugh@yahoo.com | D5: 72 | E5: Female | F5: 43 | G5: 34.45 | H5: 40 | I5: Zone 2 | J5: 10 | K5: Climb a high altitude mountain | L5: Everest base camp in October | M5: 38 | N5: Poor | O5: Breath Beginner | P5: BOLT | Q5: CO2TT
A6: 46099.972 | B6: Dana | C6: dane07md@gmail.com | D6: 49 | E6: Male | F6: 12 | G6: 33 | H6: 25 | I6: Zone 1 and a bit of Zone 2, belly movement apparent | J6: 3 | K6: Climb a high altitude mountain | L6: Denali starting May 20 | M6: 22 | N6: Very Poor | O6: Base Camp Beginner | P6: LOM | Q6: BOLT
A7: 46105.722 | B7: Melissa | C7: meshaw13@gmail.com | D7: 63 | E7: Female | F7: 27 | G7: 46 | H7: 33 | I7: Zone 3, some Zone 2, shoulder movement apparent | J7: 9 | K7: Climb a high altitude mountain | L7: Kilimanjaro in August | M7: 28 | N7: Very Poor | O7: Base Camp Beginner | P7: BOLT | Q7: MBT
A8: 46115.239 | B8: Yvonne | C8: y.jap@gmx.de | D8: 58 | E8: Female | F8: 21 | G8: 59 | H8: 56 | I8: Zone 3, some Zone 2, shoulder movement apparent | J8: 7 | K8: Climb a high altitude mountain | L8: Lobuche Peak , general endurance improvement | M8: 42 | N8: Poor | O8: Altitude Apprentice | P8: CO2TT | Q8: LOM
A9: 46116.927 | B9: Barb | C9: barbgedwards@gmail.com | D9: 67 | E9: Female | F9: 17 | G9: 34 | H9: 45 | I9: Zone 1 and a bit of Zone 2, belly movement apparent | J9: 12 | K9: Climb a high altitude mountain | L9: Manaslu Circuit in November, 2026 | M9: 42 | N9: Poor | O9: Altitude Apprentice | P9: LOM | Q9: BOLT
A10: 46116.933 | B10: Barb | C10: barbgedwards@gmail.com | D10: 67 | E10: Female | F10: 17 | G10: 34 | H10: 45 | I10: Zone 1 and a bit of Zone 2, belly movement apparent | J10: 12 | K10: Climb a high altitude mountain | L10: Manaslu Circuit, November 2026 | M10: 42 | N10: Poor | O10: Altitude Apprentice | P10: LOM | Q10: BOLT
A11: 46116.97 | B11: Stewart Hiatt | C11: stewhiatt@gmail.com | D11: 70 | E11: Male | F11: 25 | G11: 45 | H11: 50 | I11: Zone 1 and a bit of Zone 2, belly movement apparent | J11: 14 | K11: Climb a high altitude mountain | L11: Everest Base camp | M11: 54 | N11: Fair | O11: Acclimatizing | P11: 1BT | Q11: CO2TT
A12: 46117.722 | B12: Michael | C12: mpmonin26@aol.com | D12: 50 | E12: Male | F12: 20 | G12: 45 | H12: 35 | I12: Zone 1 and a bit of Zone 2, belly movement apparent | J12: 10 | K12: Climb a high altitude mountain | L12: Mt Rainier end of July | M12: 34 | N12: Poor | O12: Altitude Apprentice | P12: LOM | Q12: MBT
A13: 46125.02 | B13: Ozzy | C13: ozzg1@yahoo.com | D13: 52 | E13: Male | F13: 25 | G13: 34 | H13: 60 | I13: Zone 2 | J13: 5 | K13: Run an ultra race at altitude | L13: My goal is to do the Leadville Marathon. | M13: 36 | N13: Poor | O13: Altitude Apprentice | P13: BOLT | Q13: 1BT
A14: 46126.923 | B14: Andrea Burns | C14: andrea_hill84@hotmail.com | D14: 41 | E14: Female | F14: 23 | G14: 41 | H14: 36 | I14: Zone 1, horizontal movement, shoulders = no movement | J14: 12 | K14: Climb a high altitude mountain | L14: Lobuche East in November 2026 | M14: 42 | N14: Poor | O14: Altitude Apprentice | P14: LOM | Q14: MBT
A15: 46133.542 | B15: Jeff | C15: jpslevin@msn.com | D15: 58 | E15: Male | F15: 27 | G15: 47 | H15: 55 | I15: Zone 1 and 360° circumferential movement | J15: 21 | K15: Climb a high altitude mountain | M15: 72 | N15: Good | O15: Summit-Approaching | P15: LOM | Q15: CO2TT
A16: 46138.75 | B16: Ozzy | C16: ozzg1@yahoo.com | D16: 52 | E16: Male | F16: 20 | G16: 43 | H16: 60 | I16: Zone 2 | J16: 11 | K16: Run an ultra race at altitude | L16: Leadville Marathon June 27 | M16: 46 | N16: Poor | O16: Altitude Apprentice | P16: MBT | Q16: BOLT
A17: 46143.691 | B17: Chet Rathod | C17: chet.rathod@gmail.com | D17: 53 | E17: Male | F17: 22 | G17: 37 | H17: 35 | I17: Zone 1 and a bit of Zone 2, belly movement apparent | J17: 0 | K17: Climb a high altitude mountain | L17: My Rainier on Jul 13th | M17: 26 | N17: Very Poor | O17: Base Camp Beginner | P17: LOM | Q17: 1BT
A18: 46144.655 | B18: Chet | C18: chet.rathod@gmail.com | D18: 53 | E18: Male | F18: 39 | G18: 43 | H18: 44 | I18: Zone 1 and a bit of Zone 2, belly movement apparent | J18: 13 | K18: Climb a high altitude mountain | L18: Mt Rainier on 13th July | M18: 50 | N18: Fair | O18: Acclimatizing | P18: BOLT | Q18: CO2TT
A19: 46156.045 | B19: Michael | C19: mwknittel@yahoo.com | D19: 42 | E19: Male | F19: 14 | G19: 45 | H19: 35 | I19: Zone 1 and a bit of Zone 2, belly movement apparent | J19: 12 | K19: Climb a high altitude mountain | L19: Coming off of Aconcagua climb where reached 21,500 and forced to turn around due to weather. But felt out of breath and the work of breathing was causing respiratory muscle fatigue and pain during uphills. But I am going to Climb Carstesnz Pyramid in October 2026 and then plan to go back to Aconcagua in January 2027 | M19: 34 | N19: Poor | O19: Altitude Apprentice | P19: LOM | Q19: BOLT
A20: 46156.081 | B20: Michael Knittel | C20: mwknittel@yahoo.com | D20: 42 | E20: Male | F20: 28 | G20: 45 | H20: 40 | I20: Zone 1 and a bit of Zone 2, belly movement apparent | J20: 12 | K20: Climb a high altitude mountain | M20: 46 | N20: Poor | O20: Altitude Apprentice | P20: BOLT | Q20: CO2TT
A21: 46162.577 | B21: Dave Taylor | C21: david.s.taylor72@Gmail.com | D21: 53 | E21: Male | F21: 18 | G21: 33 | H21: 50 | I21: Zone 1, horizontal movement, shoulders = no movement | J21: 0 | K21: Climb a high altitude mountain | L21: Kilimanjaro : July | M21: 34 | N21: Poor | O21: Altitude Apprentice | P21: LOM | Q21: 1BT
A22: 46163.104 | B22: James Soyka | C22: jsoyka1@att.net | D22: 66 | E22: Male | F22: 26 | G22: 69 | H22: 70 | I22: Zone 1 and 360° circumferential movement | J22: 27 | K22: Climb a high altitude mountain | L22: Climb Kilimanjaro | M22: 82 | N22: Great | O22: Summit-Ready | P22: LOM | Q22: BOLT
A23: 46163.576 | B23: Jeff | C23: jpslevin@msn.com | D23: 58 | E23: Male | F23: 23 | G23: 55 | H23: 69 | I23: Zone 1 and 360° circumferential movement | J23: 28 | K23: Climb a high altitude mountain | M23: 74 | N23: Good | O23: Summit-Approaching | P23: LOM | Q23: BOLT
A24: 46168.673 | B24: Darlene | C24: lightwk@gmail.com | D24: 62 | E24: Female | F24: 12 | G24: 32 | H24: 45 | I24: Zone 1 and 360° circumferential movement | J24: 12 | K24: Hiking/trekking in general | L24: Hiking local peaks in Utah and wyoming | M24: 44 | N24: Poor | O24: Altitude Apprentice | P24: LOM | Q24: BOLT
A25: 46187.75 | B25: Barb | C25: barbgedwards@gmail.com | D25: 67 | E25: Female | F25: 16 | G25: 40 | H25: 40 | I25: Zone 1 and a bit of Zone 2, belly movement apparent | J25: 12 | K25: Climb a high altitude mountain | L25: Mansalu Circuit November, 2026 | M25: 46 | N25: Poor | O25: Altitude Apprentice | P25: LOM | Q25: BOLT
A26: 46187.778 | B26: Barb | C26: barbgedwards@gmail.com | D26: 67 | E26: Female | F26: 16 | G26: 40 | H26: 48 | I26: Zone 1 and a bit of Zone 2, belly movement apparent | J26: 12 | K26: Climb a high altitude mountain | L26: Mansalu Circuit, November 2026 | M26: 46 | N26: Poor | O26: Altitude Apprentice | P26: LOM | Q26: BOLT
A27: 46197.857 | B27: Anthony | C27: anthony@recaltraining.com | D27: 36 | E27: Male | F27: 23 | G27: 91 | H27: 110 | I27: Zone 1 and 360° circumferential movement | J27: 23 | K27: Climb a high altitude mountain | L27: Kili in July | M27: 94 | N27: Ultra | O27: Everest-Ready | P27: CO2TT | Q27: BOLT

Sheet SRS-Readiness Assessment
A1: Timestamp | B1: First Name | C1: Email | D1: Sustained Effort Capacity: How well can you sustain moderate aerobic effort for extended periods? | E1: Load or Fatigue Resistance: When training or hiking with fatigue or load: | F1: Recovery Between Hard Days: After a hard training day: | G1: Stress Load Tolerance: When life stress increases (work, travel, poor sleep): | H1: Fueling During Long Efforts: During long training sessions or hikes: | I1: GI Tolerance Under Stress: Under fatigue, cold, or exertion: | J1: Sleep Consistency: In unfamiliar or uncomfortable environments: | K1: Cold / Environmental Stress: In cold, wind, or bad weather: | L1: Decision-Making Under Fatigue: When exhausted: | M1: Response to Discomfort: When progress is slow or uncomfortable: | N1: Operating While Depleted: I have experience functioning when tired, cold, and under-recovered: | O1: What is your multi-day endurance experience level? | P1: What is your highest functional altitude experience? | Q1: Which best describes your past experience preparing and managing expedition systems (gear, nutrition, layering, recovery) ?
A2: 46099.079 | B2: Michelle | C2: mkibby1@stanford.edu | D2: 3: I regularly sustain 3+ hours with minimal performance drop | E2: 1: I can manage short efforts but slow significantly | F2: 2: I recover well within 24–36 hours | G2: 1: I struggle but can maintain some consistency | H2: 2: I fuel regularly with manageable dips | I2: 1: I occasionally struggle to eat | J2: 3: I generally sleep well despite conditions | K2: 2: I adapt with systems and pacing | L2: 2: I slow down but remain deliberate | M2: 1: I fixate on the discomfort | N2: 2: Regularly | O2: 1: 1–2 trips of 3–5 days | P2: 0: No experience above 4000 m (~13,000 ft) | Q2: 2: Planned and tested most personal systems on prior multi-day trips
A3: 46101.619 | B3: Julie | C3: julieannlundstrom@gmail.com | D3: 3: I regularly sustain 3+ hours with minimal performance drop | E3: 2: I maintain form and pacing for several hours | F3: 2: I recover well within 24–36 hours | G3: 2: I adapt with minor performance impact | H3: 2: I fuel regularly with manageable dips | I3: 2: I tolerate food with minor issues | J3: 3: I generally sleep well despite conditions | K3: 3: I remain calm and functional | L3: 2: I slow down but remain deliberate | M3: 2: I accept it and adjust expectations | N3: 1: Occasionally | O3: 3: Multiple 10+ day expeditions or equivalents | P3: 3: Repeated exposures above 5500 m (18,000 ft) with staged acclimatization and maintained performance | Q3: 3: Independently planned, tested, and refined full expedition systems across multiple trips
